nota_ingresso,tipo_ingresso_pism,tipo_ingresso_sisu,tipo_ingresso_vestibular,tipo_ingresso_outros,cota_racial,cota_ampla_concorrencia,cota_escola_publica,cota_renda,cota_pcd,genero_masculino,genero_feminino,genero_outros,periodo_1_disciplinas_aprovadas,periodo_1_disciplinas_reprovadas,periodo_1_disciplinas_ri,periodo_1_disciplinas_trancadas,periodo_1_disciplinas_outros_status,periodo_1_bolsa_remunerada,periodo_1_bolsa_n_remunerada,periodo_1_ae,periodo_2_disciplinas_aprovadas,periodo_2_disciplinas_reprovadas,periodo_2_disciplinas_ri,periodo_2_disciplinas_trancadas,periodo_2_disciplinas_outros_status,periodo_2_bolsa_remunerada,periodo_2_bolsa_n_remunerada,periodo_2_ae,etnia_outra,etnia_parda,etnia_preta
668.1,1,0,0,0,0,1,0,0,0,0,1,0,5,1,0,0,0,0,0,0,6,0,0,0,0,0,0,0,0,0,0
668.58,0,1,0,0,0,0,1,1,0,0,1,0,4,0,0,2,0,0,0,0,4,0,0,0,0,0,0,0,0,0,0
714.88,0,1,0,0,0,1,0,0,0,1,0,0,6,0,0,0,0,0,0,0,7,0,0,0,0,0,0,0,0,1,0
747.4,0,1,0,0,0,1,0,0,0,1,0,0,4,2,0,0,0,0,0,0,6,1,0,0,0,0,0,0,0,0,0
608.32,0,1,0,0,0,0,1,1,0,1,0,0,6,0,0,0,0,0,0,1,3,2,0,1,0,0,0,1,0,0,0
430.8,1,0,0,0,0,0,1,1,0,0,1,0,5,1,0,0,0,0,0,0,6,0,0,0,0,0,0,0,0,0,0
714.8,1,0,0,0,0,1,0,0,0,1,0,0,6,0,0,0,0,0,0,0,6,0,0,0,0,0,0,0,0,0,0
641.96,0,1,0,0,0,1,0,0,0,1,0,0,6,0,0,0,0,0,0,0,3,2,0,0,0,0,0,0,0,0,0
638.1,1,0,0,0,0,0,1,0,0,1,0,0,6,0,0,0,0,0,0,0,5,1,0,0,0,0,0,0,0,0,0
710.64,0,1,0,0,0,1,0,0,0,1,0,0,6,0,0,0,0,0,0,0,6,0,0,0,0,0,0,0,0,0,0
742.56,0,1,0,0,0,1,0,0,0,1,0,0,6,0,0,0,0,0,0,0,6,0,0,0,0,0,0,0,0,0,0
570.36,0,1,0,0,1,0,1,1,0,1,0,0,3,2,0,1,0,0,0,1,2,3,0,0,0,0,0,1,0,1,0
539.3,1,0,0,0,0,1,0,0,0,1,0,0,3,2,1,0,0,0,0,0,3,1,1,0,0,0,0,0,0,0,0
858.1,1,0,0,0,0,1,0,0,0,1,0,0,6,0,0,0,0,0,0,0,5,2,0,0,0,0,0,0,0,0,0
869.8,1,0,0,0,0,1,0,0,0,0,1,0,6,0,0,0,0,0,0,0,5,0,0,0,0,0,0,0,0,0,0
575.8,1,0,0,0,0,1,0,0,0,1,0,0,6,0,0,0,0,0,0,0,4,2,0,0,0,0,0,0,0,0,0
743.54,0,1,0,0,0,1,0,0,0,1,0,0,6,0,0,0,0,0,0,0,6,0,0,0,0,0,0,0,0,0,0
828.1,1,0,0,0,0,1,0,0,0,1,0,0,6,0,0,0,0,0,0,0,6,0,0,0,0,0,0,0,0,0,0
614.18,0,1,0,0,1,0,1,0,0,0,1,0,5,1,0,0,0,0,0,0,5,0,0,0,0,0,0,0,0,1,0
824.1,1,0,0,0,0,1,0,0,0,1,0,0,6,0,0,0,0,0,0,0,0,5,0,0,0,0,0,0,1,0,0
718.12,0,1,0,0,0,1,0,0,0,0,1,0,5,1,0,0,0,0,0,0,0,0,1,0,0,0,0,0,0,0,0
694.84,0,1,0,0,0,1,0,0,0,1,0,0,5,0,0,1,0,0,0,0,2,0,0,2,0,0,0,0,0,0,0
550.24,0,1,0,0,0,0,1,0,0,0,1,0,5,1,0,0,0,0,0,0,2,2,0,0,0,0,0,0,0,0,0
704.84,0,1,0,0,0,1,0,0,0,0,1,0,6,0,0,0,0,0,0,0,6,0,0,0,0,0,0,0,0,1,0
688.76,0,1,0,0,0,1,0,0,0,1,0,0,6,0,0,0,0,0,0,0,6,1,0,0,0,0,0,0,0,0,0
635.82,0,1,0,0,1,0,1,1,0,1,0,0,6,0,0,0,0,0,0,1,5,0,0,0,0,0,0,1,0,1,0
646.5,0,1,0,0,1,0,1,1,0,1,0,0,6,0,0,0,0,0,0,1,4,2,0,0,0,0,0,1,0,1,0
706.12,0,1,0,0,0,0,1,0,0,0,1,0,5,1,0,0,0,0,0,0,1,0,0,0,0,0,0,0,0,0,0
698.84,0,1,0,0,0,1,0,0,0,1,0,0,6,1,0,0,0,0,0,0,4,0,1,1,0,0,0,0,0,0,0
710.68,0,1,0,0,0,1,0,0,0,1,0,0,6,0,0,0,0,0,0,0,3,3,0,1,0,0,0,0,0,0,0
738.1,1,0,0,0,0,1,0,0,0,1,0,0,6,0,0,0,0,0,0,0,6,0,0,0,0,0,0,0,0,0,0
605.1,1,0,0,0,0,1,0,0,0,0,1,0,6,0,0,0,0,0,0,0,8,0,0,0,0,0,0,0,0,0,0
825.6,1,0,0,0,0,0,1,1,0,1,0,0,5,1,0,0,0,0,0,1,7,0,0,0,0,0,0,1,0,0,0
707.94,0,1,0,0,0,1,0,0,0,1,0,0,7,0,0,0,0,0,0,0,4,0,2,0,0,0,0,0,0,0,0
723.76,0,1,0,0,0,1,0,0,0,1,0,0,6,0,0,0,0,0,0,0,6,0,0,0,0,0,0,0,0,0,0
684.5,0,1,0,0,0,0,1,0,0,1,0,0,5,1,0,0,0,0,0,0,5,0,0,1,0,0,0,0,0,0,0
744.74,0,1,0,0,0,1,0,0,0,1,0,0,6,0,0,0,0,0,0,0,6,0,0,0,0,0,0,0,0,0,0
915.0,1,0,0,0,0,1,0,0,0,0,1,0,6,0,0,0,0,0,0,0,4,2,0,0,0,0,0,0,0,0,0
713.86,0,1,0,0,0,0,1,1,0,1,0,0,6,0,0,0,0,0,0,0,8,0,0,0,0,0,0,0,0,0,0
657.02,0,1,0,0,1,0,1,0,0,1,0,0,6,0,0,0,0,0,0,0,5,0,0,0,0,0,0,0,0,1,0
612.24,0,1,0,0,1,0,1,1,0,1,0,0,4,2,0,0,0,0,0,1,4,1,0,1,0,0,0,1,0,1,0
692.08,0,1,0,0,0,0,1,1,0,0,1,0,6,0,0,0,0,0,0,0,2,0,0,3,0,0,0,0,0,0,0
745.3,1,0,0,0,0,0,1,1,0,0,1,0,6,0,0,0,0,0,0,0,8,0,0,0,0,0,0,1,0,0,0
712.78,0,1,0,0,0,1,0,0,0,0,1,0,5,1,0,0,0,0,0,0,0,2,3,1,0,0,0,0,0,0,0
442.3,1,0,0,0,1,0,1,1,0,0,1,0,5,1,0,0,0,0,0,0,7,1,0,0,0,0,0,1,0,1,0
709.72,0,1,0,0,0,1,0,0,0,1,0,0,5,1,0,0,0,0,0,0,0,3,2,1,0,0,0,0,0,0,1
832.16,0,1,0,0,0,1,0,0,0,1,0,0,6,0,0,0,0,0,0,0,1,2,0,0,0,0,0,0,0,0,0
650.6,1,0,0,0,0,1,0,0,0,0,1,0,4,2,0,0,0,0,0,0,4,2,0,0,0,0,0,0,0,0,0
662.5,1,0,0,0,0,0,1,0,0,1,0,0,4,2,0,0,0,0,0,0,0,1,1,0,0,0,0,0,0,0,0
681.36,0,1,0,0,0,1,0,0,0,0,1,0,6,0,0,0,0,0,0,0,5,0,0,0,0,0,0,0,0,0,1
680.2,1,0,0,0,0,1,0,0,0,1,0,0,6,0,0,0,0,0,0,0,7,0,0,0,0,0,0,0,0,0,0
712.36,0,1,0,0,1,0,1,0,0,1,0,0,7,0,0,0,0,0,0,0,5,0,0,0,0,0,0,1,0,1,0
544.8,1,0,0,0,0,0,1,1,0,0,1,0,4,0,0,2,0,0,0,0,5,1,0,1,0,0,0,0,0,0,0
770.1,1,0,0,0,0,1,0,0,0,1,0,0,6,0,0,0,0,0,0,0,6,0,0,0,0,0,0,0,0,0,0
786.65,1,0,0,0,0,1,0,0,0,1,0,0,5,1,0,0,0,0,0,0,3,3,0,0,0,0,0,0,0,0,0
414.2,1,0,0,0,0,0,1,1,0,1,0,0,4,2,0,0,0,0,0,0,3,1,0,0,0,0,0,1,0,0,0
626.34,0,1,0,0,1,0,1,1,0,1,0,0,6,0,0,0,0,0,0,0,7,0,0,0,0,0,0,1,0,1,0
724.32,0,1,0,0,0,1,0,0,0,0,1,0,6,0,0,0,0,0,0,0,5,0,0,0,0,0,0,0,0,0,0
613.44,0,1,0,0,0,1,0,0,0,1,0,0,6,0,0,0,0,0,0,0,5,1,0,0,0,0,0,0,0,0,0
732.34,0,1,0,0,0,1,0,0,0,1,0,0,6,0,0,0,0,0,0,0,5,0,0,0,0,0,0,0,0,1,0
657.92,0,1,0,0,1,0,1,0,0,1,0,0,6,0,0,0,0,0,0,0,3,2,0,1,0,0,0,0,0,1,0
563.56,0,1,0,0,1,0,1,1,0,1,0,0,1,0,0,0,0,0,0,0,2,1,1,0,0,0,0,0,0,1,0
652.9,0,1,0,0,0,1,0,0,0,1,0,0,6,0,0,0,0,0,0,0,4,2,0,0,0,0,0,0,0,0,0
701.08,0,1,0,0,0,1,0,0,0,0,1,0,6,0,0,0,0,0,0,0,6,0,0,0,0,0,0,0,0,0,0
835.75,1,0,0,0,0,1,0,0,0,1,0,0,6,0,0,0,0,0,0,0,6,0,0,0,0,0,0,0,0,0,0
541.4,1,0,0,0,0,0,1,1,0,0,1,0,6,0,0,0,0,0,0,0,4,1,0,0,0,0,0,0,0,0,0
371.0,1,0,0,0,0,0,1,1,0,1,0,0,3,3,0,0,0,0,0,1,2,4,0,0,0,0,0,1,1,0,0
725.06,0,1,0,0,0,0,1,0,0,0,1,0,6,0,0,0,0,0,0,0,4,2,1,0,0,0,0,0,0,0,0
670.26,0,1,0,0,0,0,1,0,0,1,0,0,6,0,0,0,0,0,0,0,6,0,0,0,0,0,0,0,0,0,0
542.3,0,1,0,0,0,1,0,0,0,0,1,0,1,2,0,0,0,0,0,0,1,3,0,0,0,0,0,0,0,0,0
722.14,0,1,0,0,0,1,0,0,0,1,0,0,6,0,0,0,0,0,0,0,6,0,0,0,0,0,0,0,0,1,0
651.58,0,1,0,0,1,0,1,1,0,0,1,0,5,1,0,0,0,0,0,1,3,3,0,1,0,0,0,1,0,1,0
788.4,1,0,0,0,0,1,0,0,0,1,0,0,6,0,0,0,0,0,0,0,8,0,0,0,0,0,0,0,0,0,0
537.6,1,0,0,0,0,1,0,0,0,1,0,0,4,2,0,0,0,0,0,0,2,1,0,0,0,0,0,0,0,1,0
703.86,0,1,0,0,0,1,0,0,0,1,0,0,4,2,0,0,0,0,0,0,5,0,0,0,0,0,0,0,0,1,0
719.2,1,0,0,0,1,0,1,0,0,1,0,0,4,1,1,0,0,0,0,0,5,0,1,0,0,0,0,0,0,1,0
667.86,0,1,0,0,1,0,1,0,0,1,0,0,3,3,0,0,0,0,0,0,1,0,0,4,0,0,0,0,0,1,0
698.0,0,1,0,0,0,1,0,0,0,1,0,0,6,0,0,0,0,0,0,0,7,0,0,0,0,0,0,0,0,0,0
869.85,1,0,0,0,0,0,1,1,0,1,0,0,7,0,0,0,0,0,0,0,8,0,0,0,0,0,0,0,0,1,0
723.18,0,1,0,0,0,1,0,0,0,0,1,0,6,0,0,0,0,0,0,0,4,0,0,1,0,0,0,0,0,0,0
185.0,1,0,0,0,0,1,0,0,0,0,1,0,4,2,0,0,0,0,0,0,4,1,0,0,0,0,0,0,0,1,0
623.4,1,0,0,0,0,1,0,0,0,1,0,0,6,0,0,0,0,0,0,0,3,2,0,0,0,0,0,0,0,1,0
448.5,1,0,0,0,0,0,1,1,0,0,1,0,4,2,0,0,0,0,0,0,4,2,0,1,0,0,0,0,0,0,0
419.4,1,0,0,0,0,1,0,0,0,1,0,0,4,2,0,0,0,0,0,0,1,4,0,0,0,0,0,0,0,0,0
694.0,1,0,0,0,0,1,0,0,0,1,0,0,6,0,0,0,0,0,0,0,5,1,0,0,0,0,0,0,0,0,0
633.26,0,1,0,0,1,0,1,1,0,0,1,0,6,0,0,0,0,0,0,1,5,1,0,0,0,0,0,1,0,1,0
793.5,1,0,0,0,0,1,0,0,0,0,1,0,6,0,0,0,0,0,0,0,7,0,0,0,0,0,0,0,0,0,0
590.94,0,1,0,0,1,0,1,1,0,0,1,0,4,0,0,1,0,0,0,0,8,0,0,0,0,0,0,0,0,1,0
555.74,0,1,0,0,0,0,1,1,0,0,1,0,6,0,0,0,0,0,0,1,3,2,0,0,0,0,0,1,0,0,0
745.98,0,1,0,0,0,1,0,0,0,1,0,0,5,0,0,0,0,0,0,0,5,0,0,0,0,0,0,0,0,0,0
484.5,1,0,0,0,0,0,1,1,0,1,0,0,6,0,0,0,0,0,0,0,6,1,0,1,0,0,0,0,0,0,0
524.0,1,0,0,0,0,1,0,0,0,0,1,0,4,2,0,0,0,0,0,0,2,3,1,0,0,0,0,0,0,0,0
656.24,0,1,0,0,1,0,1,0,0,1,0,0,0,2,0,0,0,0,0,1,4,1,0,0,0,0,0,1,0,1,0
460.2,1,0,0,0,0,0,1,0,0,0,1,0,6,0,0,0,0,0,0,0,3,2,0,0,0,0,0,1,0,0,0
524.74,0,1,0,0,1,0,1,1,0,0,1,0,6,0,0,0,0,0,0,1,6,1,0,1,0,0,0,1,0,1,0
761.4,0,1,0,0,0,1,0,0,0,0,1,0,6,0,0,0,0,0,0,1,5,0,0,0,0,0,0,1,0,0,0
666.82,0,1,0,0,1,0,1,0,0,1,0,0,6,0,0,0,0,0,0,0,6,0,0,0,0,0,0,0,0,1,0
850.45,1,0,0,0,0,1,0,0,0,1,0,0,6,0,0,0,0,0,0,0,5,0,0,0,0,0,0,0,0,0,0
866.25,1,0,0,0,0,1,0,0,0,0,1,0,6,0,0,0,0,0,0,0,6,0,0,0,0,0,0,0,0,0,0
648.9,0,1,0,0,1,0,1,0,0,0,1,0,6,0,0,0,0,0,0,0,9,0,0,0,0,0,0,1,0,1,0
720.2,0,1,0,0,0,0,1,0,0,1,0,0,6,0,0,0,0,0,0,0,7,0,0,0,0,0,0,0,0,0,0
722.98,0,1,0,0,0,1,0,0,0,1,0,0,6,0,0,0,0,0,0,0,6,0,0,0,0,0,0,0,0,1,0
697.1,1,0,0,0,0,1,0,0,0,0,1,0,6,0,0,0,0,0,0,0,6,0,0,0,0,0,0,0,0,0,0
745.12,0,1,0,0,0,1,0,0,0,1,0,0,6,0,0,0,0,0,0,0,1,0,0,4,0,0,0,0,0,0,0
684.12,0,1,0,0,1,0,1,0,0,1,0,0,6,0,0,0,0,0,0,0,6,0,0,0,0,0,0,0,0,1,0
664.7,0,1,0,0,0,1,0,0,0,1,0,0,6,0,0,0,0,0,0,0,4,1,0,1,0,0,0,0,0,0,0
663.16,0,1,0,0,1,0,1,0,0,1,0,0,8,1,0,1,0,0,0,0,5,1,1,1,0,0,0,0,0,1,0
719.1,0,1,0,0,0,1,0,0,0,0,1,0,4,0,0,0,0,0,0,0,6,0,0,0,0,0,0,0,0,0,0
759.65,1,0,0,0,0,1,0,0,0,0,1,0,6,0,0,0,0,0,0,0,7,0,0,0,0,0,0,0,0,0,0
695.6,0,1,0,0,0,1,0,0,0,0,1,0,12,0,0,0,0,0,0,0,3,2,0,1,0,0,0,0,0,0,0
747.9,0,1,0,0,0,1,0,0,0,1,0,0,6,0,0,0,0,0,0,0,6,0,0,1,0,0,0,0,0,1,0
669.94,0,1,0,0,0,0,1,0,0,1,0,0,9,0,0,0,0,0,0,0,4,2,0,0,0,0,0,0,0,0,0
719.96,0,1,0,0,0,0,1,0,0,1,0,0,5,1,0,0,0,0,0,0,0,2,0,0,0,0,0,0,0,0,0
900.85,1,0,0,0,0,1,0,0,0,0,1,0,6,0,0,0,0,0,0,0,7,0,0,1,0,0,0,0,0,0,0
701.4,0,1,0,0,0,1,0,0,0,1,0,0,6,0,0,0,0,0,0,0,6,0,0,0,0,0,0,0,0,1,0
835.1,1,0,0,0,0,1,0,0,0,1,0,0,6,0,0,0,0,0,0,0,6,1,0,0,0,0,0,0,0,0,1
618.65,1,0,0,0,0,0,1,1,0,0,1,0,6,0,0,0,0,0,0,0,6,0,0,0,0,0,0,0,0,0,0
717.18,0,1,0,0,0,0,1,0,0,0,1,0,6,0,0,0,0,0,0,0,7,0,0,0,0,0,0,0,0,0,0
613.9,1,0,0,0,0,1,0,0,0,1,0,0,6,0,0,0,0,0,0,0,4,2,0,0,0,0,0,0,0,1,0
678.58,0,1,0,0,0,0,1,1,0,0,1,0,6,0,0,0,0,0,0,0,4,0,0,0,0,0,0,0,0,0,0
895.55,1,0,0,0,0,1,0,0,0,0,1,0,6,0,0,0,0,0,0,0,7,0,0,0,0,0,0,0,0,0,0
791.55,1,0,0,0,0,1,0,0,0,1,0,0,4,2,0,0,0,0,0,0,4,2,0,0,0,0,0,0,0,0,0
0.0,1,0,0,0,1,0,1,1,0,0,1,0,4,2,0,0,0,0,0,1,1,3,0,0,0,0,0,1,0,1,0
739.35,1,0,0,0,0,0,1,0,0,1,0,0,0,0,0,6,0,0,0,0,4,1,0,0,0,0,0,0,0,0,0
654.52,0,1,0,0,0,0,1,1,0,1,0,0,6,0,0,0,0,0,0,1,6,0,0,0,0,0,0,1,0,0,0
876.8,1,0,0,0,0,1,0,0,0,1,0,0,6,0,0,0,0,0,0,0,4,1,0,0,0,0,0,0,0,0,0
713.62,0,1,0,0,0,1,0,0,0,1,0,0,6,0,0,0,0,0,0,0,6,0,0,0,0,0,0,0,0,0,0
784.1,1,0,0,0,0,1,0,0,0,0,1,0,6,0,0,0,0,0,0,1,7,0,0,0,0,0,0,1,0,0,0
713.26,0,1,0,0,0,1,0,0,0,1,0,0,6,0,0,0,0,0,0,0,6,0,0,0,0,0,0,0,0,0,0
707.36,0,1,0,0,0,1,0,0,0,1,0,0,5,1,0,0,0,0,0,0,3,3,1,0,0,0,0,0,1,0,0
904.25,1,0,0,0,0,1,0,0,0,1,0,0,4,0,0,0,0,0,0,0,5,0,0,0,0,0,0,0,0,0,0
697.1,0,1,0,0,0,1,0,0,0,1,0,0,6,0,0,0,0,0,0,0,4,2,1,0,0,0,0,0,0,0,0
726.25,1,0,0,0,0,1,0,0,0,1,0,0,6,0,0,0,0,0,0,0,4,1,0,0,0,0,0,0,0,0,0
614.28,0,1,0,0,0,0,1,1,0,0,1,0,5,1,0,0,0,0,0,0,5,2,0,0,0,0,0,0,0,0,0
710.92,0,1,0,0,0,1,0,0,0,0,1,0,6,0,0,0,0,0,0,0,0,0,0,5,0,0,0,0,0,0,0
644.7,1,0,0,0,0,1,0,0,0,0,1,0,6,0,0,0,0,0,0,0,6,0,0,0,0,0,0,0,0,1,0
642.24,0,1,0,0,1,0,1,0,0,1,0,0,6,2,2,0,0,0,0,0,5,0,0,0,0,0,0,0,0,1,0
727.62,0,1,0,0,0,1,0,0,0,1,0,0,6,0,0,0,0,0,0,0,6,0,0,0,0,0,0,0,0,0,0
432.1,1,0,0,0,0,1,0,0,0,1,0,0,4,2,0,0,0,0,0,0,2,4,0,0,0,0,0,0,0,0,0
683.34,0,1,0,0,0,0,1,0,0,0,1,0,5,1,0,0,0,0,0,0,4,1,0,1,0,0,0,0,0,0,0
756.56,0,1,0,0,0,1,0,0,0,1,0,0,6,0,0,0,0,0,0,0,6,0,0,0,0,0,0,0,0,0,0
722.76,0,1,0,0,0,1,0,0,0,1,0,0,6,0,0,0,0,0,0,0,5,0,0,0,0,0,0,0,0,0,0
877.1,1,0,0,0,0,1,0,0,0,1,0,0,6,0,0,0,0,0,0,0,6,0,0,0,0,0,1,0,0,0,0
698.25,1,0,0,0,0,1,0,0,0,0,1,0,5,1,0,0,0,0,0,0,2,2,0,1,0,0,0,0,0,0,0
661.5,0,1,0,0,0,0,1,1,0,1,0,0,6,0,0,0,0,0,0,0,6,0,0,0,0,0,0,0,0,0,0
738.0,0,1,0,0,0,1,0,0,0,0,1,0,6,0,0,0,0,0,0,0,7,0,0,0,0,0,0,0,0,0,0
674.78,0,1,0,0,0,1,0,0,0,1,0,0,6,0,0,0,0,0,0,0,6,0,0,0,0,0,0,0,0,0,0
651.6,0,1,0,0,0,0,1,1,0,0,1,0,6,0,0,0,0,0,0,1,6,1,0,1,0,1,0,1,0,0,0
406.9,1,0,0,0,1,0,1,0,0,0,1,0,6,1,0,0,0,0,0,1,2,3,0,1,0,0,0,1,0,1,0
634.72,0,1,0,0,1,0,1,0,0,1,0,0,8,0,0,0,0,0,0,0,6,0,0,0,0,0,0,0,0,1,0
618.86,0,1,0,0,1,0,1,0,0,1,0,0,4,2,0,0,0,0,0,0,3,2,0,2,0,0,0,0,0,1,0
449.7,1,0,0,0,1,0,1,1,0,0,1,0,4,2,0,0,0,0,0,1,4,2,0,0,0,0,0,1,0,1,0
707.9,0,1,0,0,0,1,0,0,0,0,1,0,6,0,0,0,0,0,0,0,5,0,0,0,0,0,0,1,0,0,0
730.3,0,1,0,0,0,1,0,0,0,1,0,0,6,0,0,0,0,0,0,0,6,0,0,0,0,0,0,0,0,0,0
705.12,0,1,0,0,0,1,0,0,0,0,1,0,7,0,0,0,0,0,0,0,9,0,0,0,0,0,0,0,0,0,0
578.58,0,1,0,0,1,0,1,1,0,0,1,0,15,3,0,0,0,0,0,0,2,2,0,0,0,0,0,1,0,1,0
363.0,1,0,0,0,1,0,1,1,0,1,0,0,5,1,0,0,0,0,0,0,5,1,0,0,0,0,0,1,0,1,0
634.72,0,1,0,0,1,0,1,1,0,0,1,0,8,0,0,0,0,0,0,1,7,0,0,0,0,0,0,1,0,1,0
661.86,0,1,0,0,0,0,1,1,0,1,0,0,6,0,0,0,0,0,0,0,6,0,0,1,0,0,0,0,0,0,0
645.2,1,0,0,0,0,1,0,0,0,1,0,0,6,0,0,0,0,0,0,0,4,1,0,1,0,0,0,0,0,0,0
646.54,0,1,0,0,0,0,1,1,0,0,1,0,5,1,0,0,0,0,0,1,3,3,0,0,0,0,0,1,0,0,0
587.0,1,0,0,0,1,0,1,1,0,0,1,0,6,0,0,0,0,0,0,1,6,0,0,0,0,0,0,1,0,0,1
733.34,0,1,0,0,0,1,0,0,0,1,0,0,6,0,0,0,0,0,0,0,6,0,0,0,0,0,0,0,0,0,0
567.8,1,0,0,0,0,0,1,1,0,0,1,0,6,0,0,0,0,0,0,1,7,0,0,0,0,0,0,1,0,0,0
498.5,1,0,0,0,0,1,0,0,0,1,0,0,4,2,0,0,0,0,0,0,3,2,0,0,0,0,0,0,0,1,0
596.62,0,1,0,0,1,0,1,1,0,1,0,0,5,1,0,0,0,0,0,0,1,3,0,1,0,0,0,0,0,0,1
609.26,0,1,0,0,1,0,1,1,0,1,0,0,3,3,0,0,0,0,0,0,2,3,0,1,0,0,0,1,0,0,1
625.78,0,1,0,0,1,0,1,0,0,1,0,0,3,3,0,0,0,0,0,0,3,1,0,0,0,0,0,0,0,1,0
653.94,0,1,0,0,1,0,1,0,0,1,0,0,6,0,0,0,0,0,0,0,7,0,0,0,0,0,0,0,0,1,0
735.78,0,1,0,0,0,1,0,0,0,1,0,0,6,0,0,0,0,0,0,0,5,0,0,0,0,0,0,0,0,0,1
532.7,1,0,0,0,0,1,0,0,0,1,0,0,4,2,0,0,0,0,0,0,3,3,0,0,0,0,0,0,0,0,0
601.4,0,1,0,0,0,0,1,1,0,1,0,0,3,3,0,0,0,0,0,0,1,1,0,1,0,0,0,0,0,0,0
733.02,0,1,0,0,0,1,0,0,0,1,0,0,6,0,0,0,0,0,0,0,7,0,0,0,0,0,0,0,0,0,0
967.8,1,0,0,0,0,1,0,0,0,1,0,0,6,0,0,0,0,0,0,0,6,0,0,0,0,0,1,0,0,0,0
614.86,0,1,0,0,1,0,1,1,0,1,0,0,3,3,0,0,0,0,0,0,4,3,0,1,0,0,0,1,0,1,0
825.9,1,0,0,0,0,1,0,0,0,0,1,0,6,0,0,0,0,0,0,0,6,0,0,0,0,0,0,0,0,0,0
717.26,0,1,0,0,0,0,1,1,0,0,1,0,6,0,0,0,0,0,0,0,7,0,0,0,0,0,0,1,0,1,0
715.1,0,1,0,0,0,1,0,0,0,1,0,0,3,4,0,0,0,0,0,0,3,3,0,0,0,0,0,0,0,1,0
732.52,0,1,0,0,0,1,0,0,0,1,0,0,1,5,0,0,0,0,0,0,1,0,0,2,0,0,0,0,0,0,0
725.18,0,1,0,0,0,0,1,0,0,0,1,0,6,0,0,0,0,0,0,0,5,0,0,0,0,0,0,0,0,0,0
665.24,0,1,0,0,0,0,1,0,0,1,0,0,4,2,0,0,0,0,0,0,4,2,0,1,0,0,0,0,0,0,0
668.72,0,1,0,0,0,1,0,0,0,1,0,0,5,1,0,0,0,0,0,0,1,3,0,0,0,0,0,0,0,1,0
827.65,1,0,0,0,0,1,0,0,0,1,0,0,6,0,0,0,0,0,0,0,4,1,0,0,0,0,0,0,0,0,0
542.4,1,0,0,0,1,0,1,0,0,0,1,0,6,0,0,0,0,0,0,0,4,1,0,0,0,0,0,0,0,1,0
731.08,0,1,0,0,0,1,0,0,0,1,0,0,6,0,0,0,0,0,0,0,6,0,0,0,0,0,0,0,0,0,0
720.42,0,1,0,0,0,1,0,0,0,1,0,0,6,0,1,0,0,0,0,0,5,0,0,0,0,0,0,0,0,0,0
639.4,1,0,0,0,0,1,0,0,0,1,0,0,4,2,0,0,0,0,0,0,3,3,0,0,0,0,0,0,0,0,0
933.8,1,0,0,0,0,1,0,0,0,1,0,0,6,0,0,0,0,0,0,0,5,0,0,0,0,0,0,0,0,0,0
701.84,0,1,0,0,0,0,1,0,0,1,0,0,6,0,0,0,0,0,0,0,6,0,0,0,0,0,0,0,0,0,0
680.88,0,1,0,0,0,1,0,0,0,0,1,0,5,1,0,0,0,0,0,0,2,3,0,0,0,0,0,0,0,0,0
638.3,0,1,0,0,1,0,1,1,0,1,0,0,11,0,0,0,0,0,0,0,7,1,0,0,0,0,0,0,0,1,0
709.46,0,1,0,0,0,1,0,0,0,1,0,0,6,0,0,0,0,0,0,0,6,0,0,0,0,0,0,0,0,0,1
918.6,1,0,0,0,0,1,0,0,0,0,1,0,6,0,0,0,0,0,0,1,6,0,0,0,0,0,0,1,0,1,0
630.78,0,1,0,0,1,0,1,1,0,1,0,0,4,2,0,0,0,0,0,0,0,1,1,0,0,0,0,0,0,1,0
409.7,1,0,0,0,1,0,1,1,0,1,0,0,4,2,0,0,0,0,0,1,1,3,0,0,0,0,0,1,0,1,0
482.2,1,0,0,0,0,0,1,1,0,0,1,0,6,0,0,0,0,0,0,1,5,1,0,0,0,0,0,1,0,0,0
635.64,0,1,0,0,1,0,1,0,0,1,0,0,23,2,1,0,0,0,0,0,1,3,0,0,0,0,0,0,0,1,0
719.24,0,1,0,0,0,1,0,0,0,1,0,0,6,0,0,0,0,0,0,0,5,0,0,0,0,0,0,0,0,0,0
670.38,0,1,0,0,0,0,1,0,0,1,0,0,4,1,1,0,0,0,0,0,2,2,0,0,0,0,0,0,0,0,0
648.08,0,1,0,0,1,0,1,1,0,1,0,0,1,0,5,0,0,0,0,0,0,0,2,3,0,0,0,0,0,1,0
632.6,1,0,0,0,0,1,0,0,0,1,0,0,6,0,0,0,0,0,0,0,5,0,0,0,0,0,0,0,0,0,0
576.4,1,0,0,0,0,1,0,0,0,1,0,0,6,0,0,0,0,0,0,0,4,2,0,0,0,0,0,0,0,0,0
659.02,0,1,0,0,1,0,1,0,0,1,0,0,6,0,0,0,0,0,0,0,6,1,0,0,0,0,0,1,0,1,0
681.45,1,0,0,0,0,1,0,0,0,0,1,0,6,0,0,0,0,0,0,0,6,0,0,0,0,0,0,0,0,0,0
577.32,0,1,0,0,1,0,1,1,0,0,1,0,4,1,0,1,0,0,0,1,2,2,0,1,0,0,0,1,0,1,0
650.52,0,1,0,0,1,0,1,1,0,1,0,0,6,0,0,0,0,0,0,1,4,2,0,0,0,0,0,1,0,0,1
903.5,1,0,0,0,0,1,0,0,0,0,1,0,6,0,0,0,0,0,0,0,6,0,0,0,0,0,0,0,0,0,0
732.3,0,1,0,0,0,1,0,0,0,1,0,0,6,0,0,0,0,0,0,0,6,0,0,0,0,0,0,0,0,0,0
681.46,0,1,0,0,0,0,1,1,0,1,0,0,4,2,0,0,0,0,0,1,6,2,0,0,0,0,0,1,0,0,0
728.5,1,0,0,0,0,1,0,0,0,1,0,0,6,0,0,0,0,0,0,0,6,0,0,0,0,0,0,0,0,0,0
626.64,0,1,0,0,1,0,1,1,0,0,1,0,5,1,0,0,0,0,0,1,3,2,0,1,0,0,0,1,0,1,0
489.5,1,0,0,0,1,0,1,0,0,0,1,0,6,0,0,0,0,0,0,0,6,0,0,0,0,0,0,0,0,1,0
636.52,0,1,0,0,1,0,1,1,0,0,1,0,3,2,1,0,0,0,0,1,7,0,0,2,0,0,0,1,0,0,1
616.44,0,1,0,0,0,1,0,0,0,0,1,0,11,0,0,0,0,0,0,0,6,0,0,0,0,0,0,0,0,0,0
703.58,0,1,0,0,0,0,1,1,0,0,1,0,6,0,0,0,0,0,0,1,6,0,0,0,0,0,0,1,0,0,0
673.44,0,1,0,0,0,1,0,0,0,1,0,0,6,0,0,0,0,0,0,0,5,0,0,0,0,0,0,0,0,0,0
694.3,0,1,0,0,0,1,0,0,0,1,0,0,6,0,0,0,0,0,0,0,6,0,0,0,0,0,0,0,0,0,0
657.76,0,1,0,0,0,0,1,1,0,1,0,0,5,1,0,0,0,0,0,0,2,3,0,0,0,0,0,1,0,0,0
688.25,1,0,0,0,0,0,1,1,0,0,1,0,5,1,0,0,0,0,0,1,4,2,0,0,0,0,0,1,0,1,0
478.3,1,0,0,0,0,0,1,0,0,0,1,0,5,1,0,0,0,0,0,0,4,2,0,0,0,0,0,1,0,0,0
281.4,1,0,0,0,0,0,1,1,0,1,0,0,5,1,0,0,0,0,0,1,5,0,0,0,0,0,0,1,0,0,0
761.75,1,0,0,0,0,1,0,0,0,1,0,0,6,0,0,0,0,0,0,0,5,0,0,0,0,0,0,0,0,0,0
695.48,0,1,0,0,0,1,0,0,0,1,0,0,5,0,1,0,0,0,0,0,3,1,0,1,0,0,0,0,0,0,0
606.7,1,0,0,0,0,1,0,0,0,1,0,0,6,0,0,0,0,0,0,0,7,0,0,0,0,0,0,0,0,0,0
426.5,1,0,0,0,0,1,0,0,0,1,0,0,5,0,0,1,0,0,0,0,5,1,0,0,0,0,0,0,0,0,1
698.92,0,1,0,0,0,1,0,0,0,1,0,0,6,0,0,0,0,0,0,0,0,0,0,5,0,0,0,0,0,0,0
680.74,0,1,0,0,0,0,1,1,0,1,0,0,6,0,0,0,0,0,0,1,4,2,0,0,0,0,0,1,0,0,0
597.1,1,0,0,0,0,1,0,0,0,0,1,0,6,0,0,0,0,0,0,0,5,2,0,0,0,0,0,0,1,0,0
589.9,0,1,0,0,1,0,1,1,0,0,1,0,5,0,0,1,0,0,0,1,6,0,0,0,0,0,0,1,0,1,0
635.0,1,0,0,0,0,1,0,0,0,1,0,0,6,0,0,0,0,0,0,0,6,0,0,0,0,0,0,0,0,0,0
673.26,0,1,0,0,0,0,1,1,0,1,0,0,6,0,0,0,0,0,0,1,7,0,0,0,0,0,0,1,0,0,0
715.68,0,1,0,0,0,1,0,0,0,0,1,0,6,0,0,0,0,0,0,0,6,0,0,0,0,0,0,0,0,0,0
637.3,1,0,0,0,0,1,0,0,0,1,0,0,6,0,0,0,0,0,0,0,7,0,0,0,0,0,0,0,0,0,0
572.48,0,1,0,0,1,0,1,1,0,1,0,0,3,3,0,0,0,0,0,0,5,1,0,0,0,0,0,1,0,0,1
414.3,1,0,0,0,1,0,1,0,0,0,1,0,4,2,0,0,0,0,0,0,3,1,0,0,0,0,0,0,0,1,0
629.2,1,0,0,0,0,1,0,0,0,1,0,0,4,2,0,0,0,0,0,0,5,1,0,0,0,0,0,0,0,0,0
530.5,1,0,0,0,0,0,1,0,0,1,0,0,3,1,0,2,0,0,0,0,4,1,0,0,0,0,0,0,0,0,0
656.46,0,1,0,0,0,1,0,0,0,1,0,0,3,2,1,0,0,0,0,0,3,0,0,0,0,0,0,0,0,0,0
746.18,0,1,0,0,0,1,0,0,0,1,0,0,6,0,0,0,0,0,0,0,5,0,0,0,0,0,0,0,0,0,0
549.2,1,0,0,0,0,0,1,1,0,1,0,0,5,1,1,0,0,0,0,0,5,1,0,0,0,0,0,0,0,0,0
666.5,1,0,0,0,0,1,0,0,0,1,0,0,6,0,0,0,0,0,0,0,6,0,0,0,0,0,0,0,0,0,0
709.5,1,0,0,0,0,1,0,0,0,0,1,0,6,0,0,0,0,0,0,0,6,0,0,0,0,0,0,0,0,0,0
733.5,0,1,0,0,0,1,0,0,0,1,0,0,6,0,0,0,0,0,0,0,5,1,0,0,0,0,0,0,0,0,0
794.98,0,1,0,0,0,1,0,0,0,1,0,0,6,0,0,0,0,0,0,0,5,1,0,0,0,0,0,0,0,0,0
722.14,0,1,0,0,0,1,0,0,0,0,1,0,6,0,0,0,0,0,0,0,7,0,0,0,0,0,0,1,0,0,0
694.8,0,1,0,0,0,0,1,1,0,1,0,0,6,0,0,0,0,0,0,0,6,0,0,0,0,0,0,0,0,0,0
686.04,0,1,0,0,1,0,1,0,0,1,0,0,2,3,0,0,0,0,0,0,3,1,0,0,0,0,0,0,0,1,0
