NOTA_INGRESSO,TIPO_INGRESSO_PISM,TIPO_INGRESSO_SISU,TIPO_INGRESSO_VESTIBULAR,TIPO_INGRESSO_OUTROS,cota_racial,cota_ampla_concorrencia,cota_escola_publica,cota_renda,cota_pcd,genero_masculino,genero_feminino,genero_outros,periodo_1_disciplinas_aprovadas,periodo_1_disciplinas_reprovadas,periodo_1_disciplinas_ri,periodo_1_disciplinas_trancadas,periodo_1_disciplinas_outros_status,periodo_1_bolsa_remunerada,periodo_1_bolsa_n_remunerada,periodo_1_AE,periodo_2_disciplinas_aprovadas,periodo_2_disciplinas_reprovadas,periodo_2_disciplinas_ri,periodo_2_disciplinas_trancadas,periodo_2_disciplinas_outros_status,periodo_2_bolsa_remunerada,periodo_2_bolsa_n_remunerada,periodo_2_AE,etnia_BRANCA,etnia_OUTRA,etnia_PARDA,etnia_PRETA
801.4,0,1,0,0,0,1,0,0,0,1,0,0,23,0,0,0,0,0,0,0,14,0,0,0,0,0,0,0,0,1,0,0
795.78,0,1,0,0,0,1,0,0,0,1,0,0,13,0,0,0,0,0,0,0,15,0,0,0,0,0,0,0,1,0,0,0
766.22,0,1,0,0,1,0,1,0,0,1,0,0,23,0,0,0,0,0,0,0,15,0,0,0,0,0,0,0,0,0,1,0
747.52,0,1,0,0,1,0,1,1,0,0,1,0,10,0,0,0,0,0,0,0,10,0,0,0,0,0,0,0,0,0,1,0
789.42,0,1,0,0,0,1,0,0,0,1,0,0,10,0,0,0,0,0,0,0,11,0,0,0,0,1,0,0,1,0,0,0
996.0,1,0,0,0,0,1,0,0,0,0,1,0,23,0,0,0,0,0,0,0,11,0,0,0,0,0,1,0,1,0,0,0
802.58,0,1,0,0,0,1,0,0,0,1,0,0,23,0,0,0,0,0,0,0,14,0,0,0,0,0,0,0,1,0,0,0
786.72,0,1,0,0,0,1,0,0,0,0,1,0,10,0,0,0,0,0,0,0,10,0,0,0,0,1,0,0,1,0,0,0
788.56,0,1,0,0,0,1,0,0,0,1,0,0,13,0,0,0,0,0,0,0,14,0,0,0,0,0,0,0,1,0,0,0
1099.7,1,0,0,0,0,1,0,0,0,0,1,0,10,0,0,0,0,0,0,0,11,0,0,0,0,0,1,0,1,0,0,0
935.9,1,0,0,0,0,1,0,0,0,0,1,0,10,0,0,0,0,0,0,0,12,0,0,0,0,0,0,0,1,0,0,0
737.1,0,1,0,0,1,0,1,1,0,0,1,0,14,0,0,0,0,0,0,0,14,0,0,0,0,0,1,0,0,0,1,0
828.1,1,0,0,0,1,0,1,1,0,0,1,0,10,0,0,0,0,0,0,0,10,0,0,0,0,1,0,0,0,0,1,0
734.56,0,1,0,0,1,0,1,1,0,0,1,0,14,0,0,0,0,0,0,0,12,0,0,0,0,0,1,0,0,0,0,1
809.82,0,1,0,0,0,1,0,0,0,1,0,0,10,0,0,0,0,0,0,0,10,0,0,0,0,0,0,0,1,0,0,0
803.96,0,1,0,0,0,1,0,0,0,1,0,0,23,0,0,0,0,0,0,0,14,0,0,0,0,0,0,0,1,0,0,0
802.02,0,1,0,0,0,1,0,0,0,0,1,0,14,0,0,5,0,0,0,0,14,0,0,0,0,0,0,0,1,0,0,0
950.35,1,0,0,0,0,0,1,1,0,1,0,0,10,0,0,0,0,0,0,0,11,0,0,0,0,0,0,0,1,0,0,0
797.16,0,1,0,0,0,1,0,0,0,0,1,0,23,0,0,0,0,0,0,1,14,0,0,0,0,0,0,1,1,0,0,0
734.84,0,1,0,0,0,0,1,1,0,0,1,0,10,0,0,0,0,0,0,0,12,0,0,0,0,0,0,0,1,0,0,0
1012.0,1,0,0,0,0,1,0,0,0,0,1,0,10,0,0,0,0,0,0,0,11,0,0,0,0,1,0,0,1,0,0,0
1036.55,1,0,0,0,0,1,0,0,0,1,0,0,10,0,0,0,0,0,0,0,11,0,0,0,0,0,1,0,1,0,0,0
728.26,0,1,0,0,1,0,1,1,0,0,1,0,15,0,0,0,0,0,0,0,9,0,0,0,0,0,0,0,0,0,1,0
913.5,1,0,0,0,1,0,1,0,0,1,0,0,10,0,0,0,0,0,0,0,10,1,0,0,0,0,0,0,0,0,1,0
783.02,0,1,0,0,0,0,1,0,0,1,0,0,10,0,0,0,0,0,0,0,11,0,0,0,0,0,0,0,1,0,0,0
983.8,1,0,0,0,1,0,1,0,0,1,0,0,23,0,0,0,0,0,0,0,14,0,0,0,0,0,0,0,0,0,1,0
786.34,0,1,0,0,0,0,1,0,0,1,0,0,23,0,0,0,0,0,0,0,14,0,0,0,0,0,0,0,1,0,0,0
1042.25,1,0,0,0,0,1,0,0,0,0,1,0,10,0,0,1,0,0,0,0,12,0,0,0,0,0,1,0,1,0,0,0
730.05,1,0,0,0,0,0,1,1,0,0,1,0,10,0,0,0,0,0,0,0,11,0,0,0,0,0,1,0,1,0,0,0
1048.6,1,0,0,0,0,1,0,0,0,1,0,0,10,0,0,0,0,0,0,0,12,0,0,0,0,0,0,0,1,0,0,0
1110.4,1,0,0,0,0,1,0,0,0,0,1,0,10,0,0,0,0,0,0,0,12,0,0,0,0,0,0,0,1,0,0,0
777.48,0,1,0,0,1,0,1,0,0,1,0,0,24,0,0,0,0,0,0,0,15,0,0,0,0,0,0,0,0,0,1,0
598.5,1,0,0,0,1,0,1,1,0,0,1,0,22,0,0,0,0,0,0,0,14,0,0,0,0,0,0,1,0,0,1,0
1023.3,1,0,0,0,0,1,0,0,0,0,1,0,10,0,0,0,0,0,0,0,11,0,0,0,0,0,0,0,1,0,0,0
769.0,1,0,0,0,0,0,1,1,0,0,1,0,23,0,0,0,0,0,0,1,14,0,0,0,0,0,0,1,1,0,0,0
804.12,0,1,0,0,0,1,0,0,0,1,0,0,14,0,0,0,0,0,0,0,14,0,0,0,0,0,0,0,1,0,0,0
783.02,0,1,0,0,0,1,0,0,0,1,0,0,10,0,0,0,0,0,0,0,11,0,0,0,0,0,0,0,0,0,1,0
798.02,0,1,0,0,0,1,0,0,0,1,0,0,13,0,0,0,0,0,0,0,11,0,0,0,0,0,0,0,1,0,0,0
882.1,1,0,0,0,0,1,0,0,0,0,1,0,10,0,0,0,0,0,0,0,11,0,0,1,0,0,0,0,1,0,0,0
752.5,1,0,0,0,1,0,1,0,0,0,1,0,23,0,0,0,0,0,0,0,15,0,0,0,0,0,0,0,0,0,1,0
758.76,0,1,0,0,0,0,1,1,0,1,0,0,10,0,0,0,0,0,0,1,11,0,0,0,0,0,0,1,0,0,1,0
655.2,1,0,0,0,1,0,1,1,0,1,0,0,14,0,0,0,0,0,0,0,14,0,0,0,0,0,0,0,0,0,1,0
809.9,1,0,0,0,1,0,1,1,0,0,1,0,10,0,0,0,0,0,0,0,11,0,0,0,0,0,0,0,0,0,1,0
790.16,0,1,0,0,0,1,0,0,0,1,0,0,14,0,0,0,0,0,0,0,15,0,1,0,0,0,0,0,0,0,1,0
767.4,1,0,0,0,0,0,1,1,0,1,0,0,10,0,0,0,0,0,0,0,11,0,0,0,0,0,0,0,1,0,0,0
992.9,1,0,0,0,0,1,0,0,0,0,1,0,10,0,0,0,0,0,0,0,12,0,0,0,0,0,0,0,0,0,1,0
974.8,1,0,0,0,0,1,0,0,0,1,0,0,10,0,0,0,0,0,0,0,11,0,0,1,0,0,1,0,1,0,0,0
787.98,0,1,0,0,0,1,0,0,0,0,1,0,10,0,0,0,0,0,0,0,11,0,0,0,0,0,0,0,1,0,0,0
626.1,1,0,0,0,1,0,1,1,0,0,1,0,10,0,0,0,0,0,0,0,11,0,0,0,0,0,0,0,0,0,0,1
891.65,1,0,0,0,0,0,1,1,0,1,0,0,23,0,0,0,0,0,0,1,14,0,0,0,0,0,0,1,1,0,0,0
784.16,0,1,0,0,1,0,1,0,0,1,0,0,14,0,0,0,0,0,1,0,13,0,0,0,0,0,1,0,0,0,1,0
790.7,0,1,0,0,0,1,0,0,0,1,0,0,10,0,0,0,0,0,0,0,10,0,0,0,0,0,0,0,1,0,0,0
1080.2,1,0,0,0,0,1,0,0,0,0,1,0,10,0,0,0,0,0,0,0,12,0,0,0,0,0,0,0,1,0,0,0
751.16,0,1,0,0,1,0,1,1,0,1,0,0,23,0,0,0,0,0,0,0,14,0,0,0,0,0,0,0,0,0,0,1
784.84,0,1,0,0,0,0,1,0,0,1,0,0,10,0,0,0,0,0,0,0,11,0,0,0,0,0,0,0,1,0,0,0
966.0,1,0,0,0,0,1,0,0,0,1,0,0,16,0,0,0,0,0,0,0,8,0,0,0,0,0,0,0,1,0,0,0
744.28,0,1,0,0,1,0,1,1,0,1,0,0,13,0,0,0,0,0,0,0,15,0,0,0,0,0,0,0,0,0,0,1
1073.8,1,0,0,0,0,1,0,0,0,0,1,0,10,0,0,0,0,0,0,0,11,0,0,0,0,0,0,0,1,0,0,0
782.82,0,1,0,0,0,0,1,0,0,1,0,0,23,0,0,0,0,0,0,0,11,0,0,0,0,0,0,0,1,0,0,0
1076.05,1,0,0,0,0,1,0,0,0,0,1,0,8,1,0,0,0,0,0,0,3,0,0,0,0,0,0,0,1,0,0,0
796.34,0,1,0,0,0,1,0,0,0,0,1,0,10,0,0,0,0,0,0,0,12,0,0,0,0,0,0,0,1,0,0,0
1007.6,1,0,0,0,1,0,1,0,0,0,1,0,23,0,0,0,0,0,0,0,14,0,0,0,0,0,0,0,0,0,1,0
996.15,1,0,0,0,0,1,0,0,0,0,1,0,23,0,0,0,0,0,0,0,10,0,0,0,0,0,1,0,1,0,0,0
782.0,0,1,0,0,0,1,0,0,0,1,0,0,3,5,2,0,0,0,0,0,7,1,1,0,0,0,0,0,1,0,0,0
741.5,0,1,0,0,1,0,1,1,0,0,1,0,10,0,0,0,0,0,0,0,10,0,0,0,0,0,1,0,0,0,1,0
972.9,1,0,0,0,0,0,1,0,0,0,1,0,10,0,0,0,0,0,0,0,11,0,0,0,0,0,0,0,0,0,1,0
643.0,1,0,0,0,1,0,1,1,0,0,1,0,9,0,0,0,0,0,0,1,12,0,0,0,0,0,0,1,0,0,1,0
742.58,0,1,0,0,1,0,1,1,0,1,0,0,10,0,0,0,0,0,0,0,10,0,0,0,0,1,0,1,0,0,1,0
800.72,0,1,0,0,0,1,0,0,0,0,1,0,23,0,0,0,0,0,0,0,14,0,0,1,0,0,0,0,1,0,0,0
758.46,0,1,0,0,1,0,1,1,0,1,0,0,14,0,0,0,0,0,0,0,14,0,0,1,0,0,0,0,0,0,1,0
1055.95,1,0,0,0,0,1,0,0,0,0,1,0,9,0,0,0,0,0,0,0,11,0,0,0,0,0,1,0,1,0,0,0
799.4,1,0,0,0,1,0,1,1,0,0,1,0,23,0,0,0,0,0,0,0,14,0,0,0,0,0,0,0,0,0,1,0
878.6,1,0,0,0,1,0,1,1,0,1,0,0,10,0,0,0,0,1,0,0,10,0,0,0,0,1,0,0,0,1,0,0
790.16,0,1,0,0,0,1,0,0,0,1,0,0,10,0,0,0,0,0,0,0,11,0,0,0,0,0,0,0,1,0,0,0
756.42,0,1,0,0,1,0,1,0,0,1,0,0,10,0,0,0,0,0,0,0,10,0,0,0,0,0,0,0,0,0,1,0
1046.4,1,0,0,0,0,1,0,0,0,0,1,0,10,0,0,0,0,0,0,0,11,0,0,1,0,0,0,0,0,0,0,0
1035.0,1,0,0,0,0,1,0,0,0,0,1,0,23,0,0,1,0,0,0,0,15,0,0,1,0,0,0,0,0,0,1,0
1018.05,1,0,0,0,0,1,0,0,0,1,0,0,23,0,0,0,0,0,0,0,14,0,0,0,0,0,0,0,1,0,0,0
1000.5,1,0,0,0,0,0,1,0,0,0,1,0,14,0,0,0,0,0,0,0,15,0,0,0,0,0,1,0,1,0,0,0
1013.2,1,0,0,0,0,0,1,1,0,0,1,0,10,0,0,0,0,0,0,0,12,0,0,0,0,0,0,0,1,0,0,0
1051.3,1,0,0,0,0,1,0,0,0,1,0,0,23,0,0,0,0,0,0,0,14,0,0,0,0,0,0,0,1,0,0,0
755.1,0,1,0,0,1,0,1,0,0,0,1,0,14,0,0,0,0,0,0,0,12,0,0,0,0,0,0,0,0,0,1,0
638.7,1,0,0,0,1,0,1,0,0,1,0,0,23,0,0,0,0,0,0,0,10,0,0,0,0,0,0,0,0,0,1,0
1019.1,1,0,0,0,0,1,0,0,0,1,0,0,10,0,0,0,0,0,0,0,10,0,0,0,0,0,0,0,1,0,0,0
1007.1,1,0,0,0,0,1,0,0,0,1,0,0,14,0,0,0,0,0,0,0,14,0,0,0,0,0,0,0,1,0,0,0
1015.5,1,0,0,0,0,1,0,0,0,1,0,0,23,0,0,0,0,1,0,0,14,0,0,0,0,1,0,0,1,0,0,0
789.54,0,1,0,0,0,1,0,0,0,0,1,0,10,0,0,0,0,0,0,0,12,0,0,0,0,0,0,0,1,0,0,0
791.2,0,1,0,0,0,1,0,0,0,0,1,0,10,0,0,0,0,0,0,0,10,0,0,0,0,0,1,0,1,0,0,0
806.2,0,1,0,0,0,1,0,0,0,1,0,0,10,0,0,0,0,0,0,0,11,0,0,0,0,0,0,0,0,0,1,0
1014.6,1,0,0,0,0,1,0,0,0,1,0,0,23,0,0,0,0,0,0,0,14,0,0,0,0,0,0,0,1,0,0,0
804.82,0,1,0,0,0,1,0,0,0,1,0,0,23,0,0,0,0,0,0,0,15,0,0,0,0,0,0,0,1,0,0,0
804.04,0,1,0,0,0,1,0,0,0,1,0,0,10,0,0,0,0,0,0,0,10,0,0,0,0,0,0,0,1,0,0,0
803.82,0,1,0,0,0,1,0,0,0,1,0,0,23,0,0,0,0,0,0,0,14,0,0,0,0,0,0,0,1,0,0,0
857.6,1,0,0,0,0,0,1,1,0,1,0,0,23,0,0,0,0,0,0,0,10,0,0,0,0,0,0,1,1,0,0,0
799.42,0,1,0,0,0,1,0,0,0,1,0,0,10,0,0,0,0,0,0,0,10,0,0,0,0,0,0,1,0,0,1,0
1015.3,1,0,0,0,0,1,0,0,0,1,0,0,10,0,0,0,0,0,0,0,10,0,0,0,0,0,0,0,1,0,0,0
1028.2,1,0,0,0,0,1,0,0,0,1,0,0,10,0,0,0,0,0,0,0,12,0,0,0,0,0,1,0,1,0,0,0
885.0,1,0,0,0,1,0,1,0,0,0,1,0,23,0,0,0,0,0,0,0,14,0,0,0,0,0,1,0,0,0,1,0
956.85,1,0,0,0,0,1,0,0,0,1,0,0,10,0,0,0,0,0,0,0,11,0,0,2,0,0,1,1,0,0,0,1
898.5,1,0,0,0,1,0,1,1,0,0,1,0,23,0,0,0,0,0,0,0,14,0,0,0,0,0,0,0,0,0,1,0
694.6,1,0,0,0,1,0,1,1,0,0,1,0,21,2,0,0,0,0,0,0,13,1,0,0,0,0,0,1,0,0,1,0
752.0,0,1,0,0,1,0,1,1,0,0,1,0,10,0,0,0,0,0,0,0,12,0,0,0,0,0,0,1,0,0,1,0
750.66,0,1,0,0,0,0,1,0,0,1,0,0,10,1,0,0,0,0,0,0,11,0,0,0,0,0,0,0,1,0,0,0
799.54,0,1,0,0,0,0,1,0,0,0,1,0,10,0,0,0,0,0,0,0,11,0,0,0,0,0,0,0,1,0,0,0
1061.0,1,0,0,0,0,1,0,0,0,1,0,0,23,0,0,0,0,0,0,0,14,0,0,0,0,0,0,0,0,0,1,0
784.9,0,1,0,0,0,1,0,0,0,1,0,0,8,0,0,0,0,0,0,0,14,0,0,0,0,0,0,0,0,0,0,1
984.55,1,0,0,0,0,1,0,0,0,0,1,0,23,0,0,0,0,0,0,0,10,0,0,0,0,1,0,0,1,0,0,0
1042.2,1,0,0,0,0,1,0,0,0,0,1,0,23,0,0,0,0,0,0,0,14,0,0,0,0,0,0,0,1,0,0,0
788.32,0,1,0,0,0,1,0,0,0,0,1,0,10,0,0,0,0,0,0,0,10,0,0,0,0,0,0,0,1,0,0,0
767.22,0,1,0,0,0,0,1,1,0,1,0,0,20,0,0,0,0,0,0,0,11,0,0,0,0,0,0,0,1,0,0,0
759.04,0,1,0,0,0,0,1,1,0,1,0,0,7,0,0,0,0,0,0,0,12,0,0,1,0,0,0,0,1,0,0,0
771.76,0,1,0,0,1,0,1,0,0,1,0,0,10,0,0,0,0,0,0,0,11,0,0,0,0,0,0,0,0,0,1,0
857.25,1,0,0,0,0,1,0,0,0,1,0,0,10,0,0,0,0,0,0,0,11,0,0,0,0,0,1,0,1,0,0,0
1038.4,1,0,0,0,0,1,0,0,0,1,0,0,10,0,0,0,0,0,0,0,11,0,0,0,0,0,0,0,1,0,0,0
989.7,1,0,0,0,0,0,1,0,0,1,0,0,22,0,0,0,0,0,0,0,14,0,0,0,0,0,1,0,1,0,0,0
931.5,1,0,0,0,0,0,1,0,0,0,1,0,10,0,0,0,0,0,0,0,12,0,0,0,0,0,0,0,1,0,0,0
788.98,0,1,0,0,0,1,0,0,0,1,0,0,22,0,0,0,0,0,0,0,14,0,0,0,0,0,0,0,1,0,0,0
775.66,0,1,0,0,0,1,0,0,0,0,1,0,11,0,0,0,0,0,0,0,9,0,0,0,0,0,1,0,0,0,0,1
969.65,1,0,0,0,0,1,0,0,0,0,1,0,19,0,0,0,0,0,0,0,10,0,0,0,0,0,0,0,1,0,0,0
1077.0,1,0,0,0,0,1,0,0,0,1,0,0,10,0,0,0,0,0,0,0,11,0,0,0,0,0,1,0,1,0,0,0
1026.6,1,0,0,0,0,1,0,0,0,0,1,0,10,0,0,0,0,0,0,0,12,0,0,0,0,0,0,0,1,0,0,0
807.7,1,0,0,0,0,0,1,1,0,0,1,0,10,0,0,0,0,0,0,0,11,0,0,0,0,0,0,0,1,0,0,0
770.12,0,1,0,0,0,0,1,0,0,1,0,0,21,2,0,0,0,0,0,0,10,0,2,0,0,0,0,0,1,0,0,0
1127.9,1,0,0,0,0,1,0,0,0,0,1,0,10,0,0,0,0,0,0,0,11,0,0,0,0,0,0,0,1,0,0,0
1062.5,1,0,0,0,0,1,0,0,0,0,1,0,9,0,0,0,0,0,0,0,11,0,0,0,0,0,1,0,1,0,0,0
789.44,0,1,0,0,0,1,0,0,0,0,1,0,14,0,0,0,0,0,0,0,14,0,0,0,0,0,0,0,1,0,0,0
872.8,1,0,0,0,1,0,1,1,0,1,0,0,10,0,0,0,0,0,0,0,12,0,0,0,0,0,0,1,0,0,1,0
788.12,0,1,0,0,0,1,0,0,0,0,1,0,10,0,0,0,0,0,0,0,11,0,0,0,0,0,0,0,1,0,0,0
805.04,0,1,0,0,0,1,0,0,0,1,0,0,23,0,0,0,0,0,0,0,15,0,0,0,0,0,0,0,1,0,0,0
893.2,1,0,0,0,0,0,1,1,0,0,1,0,23,0,0,0,0,0,0,0,14,0,0,0,0,0,0,0,0,0,1,0
824.36,0,1,0,0,0,1,0,0,0,1,0,0,10,0,0,0,0,0,0,0,12,0,0,0,0,0,0,0,1,0,0,0
768.5,0,1,0,0,0,0,1,0,0,0,1,0,10,0,0,0,0,0,0,0,9,0,0,1,0,0,0,0,1,0,0,0
795.62,0,1,0,0,0,1,0,0,0,0,1,0,20,0,0,0,0,0,0,0,10,0,0,0,0,0,0,0,1,0,0,0
747.2,1,0,0,0,1,0,1,1,0,1,0,0,9,0,0,14,0,0,0,0,9,5,0,0,0,0,0,0,0,0,1,0
787.88,0,1,0,0,0,1,0,0,0,1,0,0,14,0,0,0,0,0,0,0,15,0,0,0,0,0,0,0,1,0,0,0
1001.9,1,0,0,0,0,1,0,0,0,0,1,0,23,0,0,0,0,0,0,0,14,0,0,0,0,0,0,0,1,0,0,0
895.75,1,0,0,0,1,0,1,0,0,1,0,0,23,0,0,0,0,0,0,0,14,0,0,0,0,0,0,0,0,0,1,0
1002.8,1,0,0,0,1,0,1,0,0,1,0,0,10,0,0,0,0,0,0,0,11,0,0,0,0,0,1,0,0,0,1,0
799.56,0,1,0,0,0,1,0,0,0,0,1,0,23,0,0,0,0,0,0,0,15,0,0,0,0,0,0,0,1,0,0,0
798.14,0,1,0,0,1,0,1,0,0,0,1,0,23,0,0,0,0,0,0,0,15,0,0,0,0,0,1,0,0,0,1,0
747.72,0,1,0,0,0,0,1,0,0,0,1,0,10,0,0,0,0,0,0,0,12,0,0,0,0,0,1,0,1,0,0,0
739.76,0,1,0,0,1,0,1,1,0,0,1,0,18,0,0,0,0,0,0,0,11,0,0,0,0,0,1,1,0,0,1,0
784.1,0,1,0,0,0,1,0,0,0,0,1,0,10,0,0,0,0,0,0,0,10,0,0,0,0,0,0,0,1,0,0,0
744.96,0,1,0,0,1,0,1,1,0,1,0,0,10,0,0,0,0,0,0,0,12,0,0,0,0,0,0,0,0,0,1,0
939.85,1,0,0,0,0,0,1,1,0,0,1,0,23,0,0,0,0,0,0,0,14,0,0,0,0,0,0,0,1,0,0,0
1019.0,1,0,0,0,0,1,0,0,0,0,1,0,23,0,0,0,0,0,0,0,14,0,0,0,0,0,0,0,1,0,0,0
743.78,0,1,0,0,1,0,1,1,0,0,1,0,10,0,0,0,0,0,0,1,12,0,0,0,0,0,0,1,0,0,1,0
1071.4,1,0,0,0,0,1,0,0,0,1,0,0,9,0,0,0,0,0,0,0,11,0,0,0,0,0,0,0,1,0,0,0
784.08,0,1,0,0,0,1,0,0,0,1,0,0,10,0,0,0,0,0,0,0,13,0,0,0,0,0,1,1,1,0,0,0
769.86,0,1,0,0,0,0,1,0,0,0,1,0,10,0,0,0,0,0,0,0,10,0,0,1,0,1,0,0,1,0,0,0
1086.4,1,0,0,0,0,1,0,0,0,1,0,0,9,1,0,0,0,0,0,0,10,0,0,0,0,0,0,0,1,0,0,0
1002.1,1,0,0,0,0,1,0,0,0,1,0,0,14,0,0,0,0,0,0,0,14,0,0,0,0,0,1,0,1,0,0,0
1012.0,1,0,0,0,0,1,0,0,0,0,1,0,22,0,0,0,0,0,0,0,15,0,0,0,0,0,0,0,0,0,1,0
745.9,1,0,0,0,0,0,1,1,0,0,1,0,10,0,0,0,0,0,0,0,12,0,0,0,0,0,0,0,1,0,0,0
743.02,0,1,0,0,1,0,1,1,0,0,1,0,16,2,0,0,0,0,0,0,12,0,0,1,0,0,0,0,0,0,1,0
770.2,0,1,0,0,0,1,0,0,0,0,1,0,9,0,0,0,0,0,0,0,9,0,0,0,0,0,0,0,1,0,0,0
788.82,0,1,0,0,0,0,1,0,0,0,1,0,24,0,0,0,0,0,0,0,14,0,0,0,0,0,0,0,0,0,1,0
806.94,0,1,0,0,0,1,0,0,0,1,0,0,23,0,0,0,0,0,0,0,16,0,0,0,0,0,0,0,1,0,0,0
768.74,0,1,0,0,1,0,1,1,0,0,1,0,23,0,0,0,0,0,0,1,15,0,0,0,0,0,0,1,0,0,1,0
1042.2,1,0,0,0,0,0,1,0,0,0,1,0,10,0,0,0,0,0,0,0,12,0,0,0,0,0,0,0,1,0,0,0
763.82,0,1,0,0,1,0,1,0,0,0,1,0,10,0,0,0,0,0,0,0,11,0,0,0,0,0,0,0,0,0,0,1
990.2,1,0,0,0,0,1,0,0,0,0,1,0,14,0,0,0,0,0,0,0,14,0,0,0,0,1,0,0,1,0,0,0
781.18,0,1,0,0,0,1,0,0,0,0,1,0,10,0,0,0,0,0,0,0,10,0,0,0,0,0,0,0,1,0,0,0
1019.8,1,0,0,0,0,0,1,0,0,1,0,0,10,0,0,0,0,0,0,0,11,0,0,0,0,0,0,0,0,0,1,0
1014.7,1,0,0,0,0,1,0,0,0,0,1,0,10,0,0,0,0,0,0,0,12,0,0,0,0,0,0,0,0,0,1,0
787.46,0,1,0,0,0,1,0,0,0,0,1,0,7,0,0,0,0,0,0,0,11,0,0,0,0,0,1,0,1,0,0,0
808.72,0,1,0,0,0,1,0,0,0,1,0,0,23,0,0,0,0,0,0,0,14,0,0,0,0,0,0,0,1,0,0,0
1009.9,1,0,0,0,0,1,0,0,0,0,1,0,14,0,0,0,0,0,0,0,15,0,0,0,0,0,0,0,1,0,0,0
790.52,0,1,0,0,0,1,0,0,0,0,1,0,23,0,0,0,0,0,0,0,14,0,0,0,0,0,0,0,1,0,0,0
759.84,0,1,0,0,0,0,1,1,0,1,0,0,21,0,0,0,0,0,0,0,14,0,0,0,0,0,1,0,1,0,0,0
1017.5,1,0,0,0,0,1,0,0,0,0,1,0,22,0,0,0,0,0,0,0,14,0,0,0,0,0,0,0,1,0,0,0
806.84,0,1,0,0,0,1,0,0,0,1,0,0,10,0,0,0,0,0,0,0,10,0,0,0,0,0,0,0,1,0,0,0
951.3,1,0,0,0,0,1,0,0,0,1,0,0,10,0,0,0,0,0,0,0,11,0,0,0,0,0,0,0,1,0,0,0
988.6,1,0,0,0,0,1,0,0,0,1,0,0,10,0,0,0,0,0,0,0,12,0,0,0,0,1,0,0,1,0,0,0
1043.5,1,0,0,0,0,1,0,0,0,1,0,0,10,0,0,0,0,0,0,0,11,0,0,0,0,0,0,0,1,0,0,0
762.28,0,1,0,0,1,0,1,1,0,0,1,0,10,0,0,0,0,0,0,0,9,0,0,0,0,0,0,0,0,0,1,0
1061.7,1,0,0,0,0,1,0,0,0,0,1,0,8,1,0,0,0,1,0,1,10,0,0,1,0,0,0,1,1,0,0,0
810.3,1,0,0,0,1,0,1,0,0,0,1,0,22,0,0,0,0,0,0,0,14,0,0,0,0,0,0,0,0,0,1,0
770.08,0,1,0,0,0,1,0,0,0,1,0,0,11,0,0,0,0,0,0,0,9,0,0,0,0,0,0,0,1,0,0,0
1034.2,1,0,0,0,0,1,0,0,0,1,0,0,9,1,0,0,0,0,0,0,9,0,0,0,0,0,0,0,1,0,0,0
981.55,1,0,0,0,0,0,1,1,0,0,1,0,10,0,0,0,0,0,0,1,11,0,0,0,0,0,0,1,1,0,0,0
788.46,0,1,0,0,0,1,0,0,0,0,1,0,21,0,0,0,0,0,0,0,14,0,0,0,0,1,0,0,1,0,0,0
764.68,0,1,0,0,1,0,1,1,0,1,0,0,10,0,0,0,0,0,0,1,10,0,0,0,0,0,0,1,0,0,1,0
762.18,0,1,0,0,1,0,1,0,0,1,0,0,16,0,1,0,0,0,0,0,8,2,0,3,0,0,0,0,0,0,1,0
989.9,1,0,0,0,0,0,1,1,0,0,1,0,10,0,0,0,0,0,0,1,10,0,0,0,0,0,0,1,1,0,0,0
752.76,0,1,0,0,1,0,1,1,0,0,1,0,10,0,0,0,0,0,0,0,12,0,0,0,0,0,0,0,0,0,1,0
755.62,0,1,0,0,0,0,1,1,0,0,1,0,18,0,0,0,0,0,0,0,14,0,0,0,0,0,0,0,1,0,0,0
1030.75,1,0,0,0,0,0,1,1,0,0,1,0,10,0,0,0,0,0,0,0,12,0,0,0,0,0,0,1,1,0,0,0
759.98,0,1,0,0,0,0,1,1,0,0,1,0,23,0,0,0,0,0,0,0,14,0,0,0,0,0,0,0,1,0,0,0
857.9,1,0,0,0,0,1,0,0,0,1,0,0,11,0,0,0,0,0,0,0,11,0,0,0,0,0,1,0,1,0,0,0
724.2,1,0,0,0,0,0,1,1,0,0,1,0,10,0,0,0,0,0,0,0,10,0,0,0,0,0,0,1,1,0,0,0
744.98,0,1,0,0,1,0,1,1,0,1,0,0,23,0,0,0,0,0,0,0,14,0,0,0,0,0,0,1,0,0,1,0
774.5,0,1,0,0,0,1,0,0,0,0,1,0,10,0,0,0,0,0,0,0,10,0,0,0,0,0,0,0,1,0,0,0
795.02,0,1,0,0,0,1,0,0,0,1,0,0,10,0,0,0,0,0,0,0,12,0,0,0,0,0,0,0,0,0,0,0
747.96,0,1,0,0,1,0,1,0,0,1,0,0,19,0,0,0,0,0,0,0,1,0,0,0,0,1,0,0,1,0,0,0
806.44,0,1,0,0,0,1,0,0,0,1,0,0,23,0,0,0,0,0,0,0,14,0,0,0,0,0,0,0,1,0,0,0
793.74,0,1,0,0,0,1,0,0,0,1,0,0,23,0,0,0,0,0,0,0,14,0,0,0,0,0,0,0,1,0,0,0
997.3,1,0,0,0,0,1,0,0,0,0,1,0,22,0,0,0,0,0,0,0,14,0,0,0,0,0,0,0,1,0,0,0
784.46,0,1,0,0,0,1,0,0,0,1,0,0,20,0,0,0,0,0,0,0,13,0,0,0,0,0,1,0,0,0,1,0
389.35,1,0,0,0,0,0,1,0,1,0,1,0,16,3,2,0,0,0,0,0,9,0,0,0,0,0,0,0,1,0,0,0
544.7,1,0,0,0,1,0,1,1,0,0,1,0,8,5,0,0,0,0,0,0,5,6,1,0,0,0,0,0,0,0,0,1
1060.2,1,0,0,0,0,1,0,0,0,1,0,0,10,0,0,0,0,0,0,0,12,0,0,0,0,0,0,0,1,0,0,0
839.7,0,1,0,0,0,1,0,0,0,0,1,0,10,0,0,0,0,0,0,0,12,0,0,0,0,0,0,0,1,0,0,0
985.35,1,0,0,0,0,0,1,0,0,0,1,0,23,0,0,0,0,0,0,0,11,0,0,0,0,0,0,0,1,0,0,0
758.3,0,1,0,0,1,0,1,0,0,1,0,0,14,0,0,0,0,0,0,0,14,0,0,0,0,0,0,0,0,0,1,0
788.1,0,1,0,0,0,1,0,0,0,0,1,0,12,2,0,0,0,0,0,0,13,2,0,0,0,0,0,0,1,0,0,0
760.1,1,0,0,0,1,0,1,0,0,1,0,0,23,0,0,0,0,0,0,0,14,0,0,0,0,0,0,0,0,0,1,0
805.98,0,1,0,0,0,1,0,0,0,1,0,0,14,0,0,0,0,0,0,0,14,0,0,0,0,0,0,0,1,0,0,0
781.48,0,1,0,0,0,1,0,0,0,0,1,0,18,0,0,0,0,0,0,0,12,0,0,0,0,0,1,0,1,0,0,0
1042.4,1,0,0,0,0,1,0,0,0,0,1,0,10,0,0,0,0,0,0,0,10,0,0,0,0,0,0,0,1,0,0,0
787.26,0,1,0,0,0,1,0,0,0,0,1,0,10,0,0,0,0,0,0,0,11,0,0,0,0,0,0,0,1,0,0,0
1039.7,1,0,0,0,0,1,0,0,0,0,1,0,10,0,0,0,0,0,0,0,12,0,0,0,0,0,1,0,1,0,0,0
971.9,1,0,0,0,0,1,0,0,0,1,0,0,10,0,0,0,0,0,0,0,10,0,0,2,0,0,0,0,1,0,0,0
800.8,1,0,0,0,1,0,1,0,0,0,1,0,14,0,0,0,0,0,0,0,15,0,0,0,0,0,0,1,0,0,1,0
713.7,0,1,0,0,1,0,1,1,0,1,0,0,24,0,0,0,0,0,0,0,14,0,0,0,0,0,0,0,0,0,1,0
1010.2,1,0,0,0,0,0,1,1,0,1,0,0,10,0,0,0,0,0,0,0,11,0,0,0,0,0,0,0,1,0,0,0
775.1,0,1,0,0,0,0,1,1,0,1,0,0,23,0,0,0,0,0,0,0,10,0,0,0,0,0,0,0,1,0,0,0
923.0,1,0,0,0,0,0,1,1,0,0,1,0,9,0,0,0,0,0,0,1,12,0,0,0,0,0,0,1,1,0,0,0
1001.7,1,0,0,0,0,0,1,0,0,1,0,0,23,0,0,0,0,0,0,0,15,0,0,0,0,0,0,0,1,0,0,0
913.45,1,0,0,0,0,1,0,0,0,0,1,0,10,0,0,0,0,0,0,0,12,0,0,0,0,0,0,0,1,0,0,0
1004.7,1,0,0,0,0,1,0,0,0,0,1,0,18,0,0,0,0,0,0,0,14,0,0,0,0,1,0,0,1,0,0,0
762.5,1,0,0,0,0,0,1,1,0,0,1,0,10,0,0,0,0,0,0,1,11,0,0,0,0,1,0,1,1,0,0,0
818.6,0,1,0,0,0,1,0,0,0,1,0,0,10,0,0,0,0,0,0,0,11,0,0,1,0,0,0,0,0,0,1,0
698.22,0,1,0,0,0,0,1,0,1,0,1,0,23,0,0,0,0,0,0,0,14,0,0,0,0,0,0,0,1,0,0,0
1046.75,1,0,0,0,0,1,0,0,0,0,1,0,23,0,0,0,0,0,0,0,15,0,0,0,0,0,0,0,1,0,0,0
1089.7,1,0,0,0,0,1,0,0,0,1,0,0,10,0,0,0,0,0,0,0,11,0,0,0,0,0,0,0,1,0,0,0
862.3,1,0,0,0,0,0,1,1,0,1,0,0,23,0,0,0,0,0,0,0,10,0,0,0,0,0,1,0,0,1,0,0
914.1,1,0,0,0,1,0,1,0,0,1,0,0,23,0,0,0,0,0,0,0,15,0,0,0,0,0,0,0,0,0,1,0
761.96,0,1,0,0,0,0,1,1,0,1,0,0,10,0,0,0,0,0,0,0,10,0,0,0,0,0,0,0,1,0,0,0
734.5,1,0,0,0,1,0,1,1,0,1,0,0,22,0,0,0,0,0,0,0,15,0,0,0,0,0,0,1,0,0,1,0
854.9,1,0,0,0,0,0,1,1,0,1,0,0,10,0,0,0,0,0,0,0,11,0,0,0,0,0,0,0,1,0,0,0
778.34,0,1,0,0,1,0,1,0,0,1,0,0,23,0,0,0,0,0,0,1,15,0,0,0,0,0,0,1,0,0,1,0
763.78,0,1,0,0,1,0,1,0,0,1,0,0,10,0,0,0,0,0,0,0,11,0,0,0,0,0,0,0,0,0,1,0
781.8,0,1,0,0,0,1,0,0,0,1,0,0,22,0,0,0,0,0,0,0,15,0,0,0,0,0,1,0,1,0,0,0
790.98,0,1,0,0,0,1,0,0,0,1,0,0,10,0,0,0,0,0,0,0,12,0,0,0,0,0,0,0,1,0,0,0
793.08,0,1,0,0,0,1,0,0,0,0,1,0,10,0,0,0,0,0,0,0,11,0,0,0,0,0,0,0,0,0,1,0
798.76,0,1,0,0,0,1,0,0,0,0,1,0,23,0,0,0,0,0,0,0,14,0,0,0,0,0,0,0,1,0,0,0
898.7,1,0,0,0,1,0,1,0,0,0,1,0,20,0,0,0,0,0,0,0,5,9,2,0,0,0,0,0,0,0,1,0
758.06,0,1,0,0,1,0,1,0,0,0,1,0,23,0,0,0,0,0,0,0,14,0,0,0,0,0,0,0,1,0,0,0
989.9,1,0,0,0,0,0,1,1,0,1,0,0,10,0,0,0,0,0,0,0,9,1,0,0,0,0,0,0,1,0,0,0
1039.3,1,0,0,0,0,1,0,0,0,0,1,0,10,0,0,0,0,0,0,0,11,0,0,0,0,0,0,0,1,0,0,0
1071.9,1,0,0,0,1,0,1,0,0,1,0,0,10,0,0,0,0,0,0,0,12,0,0,0,0,0,1,0,0,0,0,1
656.8,1,0,0,0,1,0,1,1,0,0,1,0,22,0,0,0,0,0,0,0,14,0,0,0,0,0,1,1,0,0,1,0
790.7,0,1,0,0,0,1,0,0,0,1,0,0,23,0,0,0,0,0,0,0,14,0,0,0,0,0,0,0,1,0,0,0
1025.0,1,0,0,0,0,1,0,0,0,1,0,0,23,0,0,0,0,0,0,0,14,0,0,0,0,0,1,0,1,0,0,0
973.8,1,0,0,0,0,1,0,0,0,1,0,0,23,0,0,0,0,0,0,0,10,0,0,0,0,0,0,0,1,0,0,0
924.85,1,0,0,0,0,0,1,1,0,1,0,0,10,0,0,0,0,0,0,0,11,0,0,1,0,0,0,0,1,0,0,0
806.82,0,1,0,0,0,1,0,0,0,1,0,0,14,0,0,0,0,0,0,0,14,0,0,0,0,0,0,0,0,0,1,0
753.0,0,1,0,0,1,0,1,1,0,0,1,0,14,0,0,0,0,0,0,0,14,0,0,0,0,0,1,0,0,0,1,0
784.94,0,1,0,0,0,1,0,0,0,0,1,0,11,0,0,0,0,0,0,0,11,0,0,0,0,0,1,0,1,0,0,0
971.5,1,0,0,0,0,1,0,0,0,1,0,0,10,0,0,0,0,0,0,0,10,0,0,0,0,0,0,0,1,0,0,0
789.38,0,1,0,0,1,0,1,0,0,1,0,0,23,0,0,0,0,0,0,0,14,0,0,0,0,0,0,0,0,0,1,0
779.8,0,1,0,0,0,1,0,0,0,1,0,0,10,0,0,0,0,0,0,0,10,0,0,0,0,0,1,0,1,0,0,0
600.65,1,0,0,0,1,0,1,0,0,0,1,0,23,0,0,0,0,0,0,0,10,0,0,0,0,0,0,0,0,0,1,0
854.0,1,0,0,0,1,0,1,1,0,1,0,0,10,0,0,0,0,0,0,0,11,0,0,2,0,0,0,0,0,0,1,0
803.38,0,1,0,0,0,1,0,0,0,1,0,0,23,0,0,0,0,0,0,0,14,0,0,0,0,0,0,0,1,0,0,0
809.34,0,1,0,0,0,1,0,0,0,1,0,0,23,0,0,0,0,0,0,0,14,0,0,0,0,0,0,0,1,0,0,0
764.82,0,1,0,0,0,0,1,1,0,1,0,0,23,0,0,0,0,0,0,0,15,0,0,0,0,0,0,1,1,0,0,0
800.1,0,1,0,0,0,1,0,0,0,0,1,0,17,0,0,0,0,0,0,0,10,0,0,0,0,0,0,0,1,0,0,0
768.04,0,1,0,0,0,0,1,0,0,0,1,0,10,0,0,0,0,0,0,0,10,0,0,0,0,0,1,0,1,0,0,0
791.26,0,1,0,0,0,1,0,0,0,0,1,0,7,0,0,0,0,0,0,0,10,0,0,0,0,0,0,0,1,0,0,0
772.3,0,1,0,0,1,0,1,0,0,1,0,0,14,0,0,0,0,0,0,0,15,0,0,0,0,0,0,0,0,0,1,0
816.02,0,1,0,0,0,1,0,0,0,1,0,0,10,0,0,0,0,0,0,0,10,0,0,0,0,0,0,0,1,0,0,0
756.12,0,1,0,0,0,0,1,1,0,1,0,0,23,0,0,0,0,0,0,0,14,0,0,0,0,0,0,0,1,0,0,0
806.72,0,1,0,0,0,0,1,0,0,1,0,0,23,0,0,0,0,0,0,0,14,0,0,0,0,0,0,0,1,0,0,0
746.94,0,1,0,0,1,0,1,0,0,0,1,0,10,0,0,0,0,0,0,0,10,0,0,0,0,0,0,0,0,0,1,0
836.4,1,0,0,0,1,0,1,1,0,0,1,0,10,0,0,0,0,0,0,0,11,0,0,0,0,1,0,0,0,0,0,1
773.14,0,1,0,0,0,1,0,0,0,1,0,0,10,0,0,0,0,0,0,0,10,0,0,0,0,0,0,0,1,0,0,0
1044.25,1,0,0,0,0,1,0,0,0,0,1,0,23,0,0,0,0,0,0,0,15,0,0,0,0,0,0,0,1,0,0,0
741.48,0,1,0,0,0,0,1,1,0,1,0,0,9,0,0,14,0,0,0,0,12,0,0,0,0,0,0,0,1,0,0,0
749.44,0,1,0,0,1,0,1,1,0,0,1,0,20,2,0,0,0,0,0,0,14,0,0,0,0,0,0,0,0,0,1,0
786.2,0,1,0,0,0,1,0,0,0,0,1,0,10,0,0,0,0,0,0,0,10,0,0,0,0,0,0,0,1,0,0,0
788.68,0,1,0,0,0,1,0,0,0,1,0,0,9,1,0,0,0,0,0,0,9,0,0,1,0,0,0,0,1,0,0,0
994.55,1,0,0,0,0,1,0,0,0,0,1,0,23,0,0,0,0,0,0,0,11,0,0,0,0,0,0,0,1,0,0,0
759.02,0,1,0,0,1,0,1,1,0,1,0,0,10,0,0,0,0,0,0,0,11,0,0,0,0,0,0,1,0,0,0,1
1069.3,1,0,0,0,0,1,0,0,0,1,0,0,14,0,0,0,0,0,0,0,13,0,0,0,0,0,0,0,1,0,0,0
767.88,0,1,0,0,0,0,1,0,0,1,0,0,27,0,0,0,0,0,1,0,15,0,0,0,0,0,1,0,1,0,0,0
996.15,1,0,0,0,0,0,1,0,0,0,1,0,23,0,0,0,0,0,0,0,11,0,0,0,0,0,0,0,1,0,0,0
759.74,0,1,0,0,1,0,1,0,0,1,0,0,10,0,0,0,0,0,0,0,11,0,0,0,0,0,1,0,0,0,1,0
779.12,0,1,0,0,0,0,1,0,0,1,0,0,10,0,0,0,0,0,0,0,10,0,0,0,0,0,0,0,1,0,0,0
1103.2,1,0,0,0,0,1,0,0,0,1,0,0,10,0,0,0,0,0,0,0,11,0,0,0,0,0,0,0,1,0,0,0
981.2,1,0,0,0,0,1,0,0,0,0,1,0,10,0,0,0,0,0,0,0,12,0,0,0,0,0,0,0,1,0,0,0
1110.85,1,0,0,0,0,1,0,0,0,0,1,0,10,0,0,0,0,0,0,0,11,0,2,0,0,0,1,0,1,0,0,0
743.68,0,1,0,0,0,0,1,1,0,1,0,0,10,0,0,0,0,0,0,0,10,0,0,1,0,0,0,0,1,0,0,0
1034.05,1,0,0,0,0,0,1,1,0,1,0,0,10,0,0,0,0,0,0,0,10,0,0,0,0,0,0,0,1,0,0,0
788.56,0,1,0,0,0,1,0,0,0,1,0,0,10,0,0,0,0,0,0,0,12,0,0,0,0,0,0,0,0,0,1,0
779.46,0,1,0,0,0,1,0,0,0,0,1,0,10,0,0,0,0,0,0,0,10,0,0,0,0,0,0,0,1,0,0,0
781.7,1,0,0,0,1,0,1,0,0,1,0,0,23,0,0,0,0,0,0,0,10,0,0,0,0,0,0,0,0,0,1,0
1073.8,1,0,0,0,0,1,0,0,0,0,1,0,10,0,0,0,0,0,0,0,11,0,0,0,0,0,0,0,1,0,0,0
849.6,1,0,0,0,0,1,0,0,0,0,1,0,10,0,0,0,0,0,0,0,12,0,0,0,0,0,0,0,1,0,0,0
1032.45,1,0,0,0,0,1,0,0,0,0,1,0,23,0,0,0,0,0,0,0,15,0,0,0,0,0,0,0,1,0,0,0
935.8,1,0,0,0,0,0,1,0,0,0,1,0,22,0,0,0,0,0,0,0,14,0,0,0,0,0,0,0,1,0,0,0
1101.9,1,0,0,0,0,1,0,0,0,0,1,0,9,0,0,0,0,0,0,0,12,0,0,0,0,0,0,0,1,0,0,0
767.54,0,1,0,0,0,0,1,0,0,1,0,0,14,0,0,0,0,0,0,0,14,0,0,0,0,0,0,0,1,0,0,0
1005.0,1,0,0,0,0,1,0,0,0,1,0,0,23,0,0,0,0,0,0,0,14,0,0,0,0,0,0,0,1,0,0,0
983.9,1,0,0,0,1,0,1,1,0,1,0,0,9,1,0,0,0,0,0,0,9,0,0,0,0,0,0,0,0,0,0,1
793.34,0,1,0,0,0,1,0,0,0,0,1,0,14,0,0,0,0,0,0,0,14,0,0,0,0,0,0,0,0,0,1,0
1005.0,1,0,0,0,0,1,0,0,0,1,0,0,14,0,0,0,0,0,0,0,14,0,0,0,0,0,0,0,1,0,0,0
816.22,0,1,0,0,0,1,0,0,0,1,0,0,19,0,0,0,0,0,0,0,15,0,0,0,0,0,0,0,0,0,0,0
1054.0,1,0,0,0,0,1,0,0,0,1,0,0,10,0,0,0,0,0,0,0,10,1,0,0,0,0,0,0,0,0,1,0
979.3,1,0,0,0,0,1,0,0,0,1,0,0,10,0,0,0,0,0,0,0,10,0,0,0,0,0,1,0,1,0,0,0
743.02,0,1,0,0,1,0,1,1,0,1,0,0,15,0,0,0,0,0,0,0,12,2,0,0,0,0,0,0,0,0,1,0
758.48,0,1,0,0,0,0,1,1,0,0,1,0,10,0,0,0,0,0,0,0,11,0,0,0,0,0,0,0,0,0,1,0
787.36,0,1,0,0,0,1,0,0,0,0,1,0,17,0,0,0,0,0,0,0,14,0,0,0,0,0,0,0,1,0,0,0
1011.7,1,0,0,0,0,0,1,0,0,0,1,0,23,0,0,0,0,0,0,0,14,0,0,0,0,0,0,0,0,0,1,0
780.8,1,0,0,0,1,0,1,1,0,1,0,0,23,0,0,0,0,0,0,0,14,0,0,0,0,0,0,0,0,0,1,0
783.22,0,1,0,0,0,0,1,0,0,1,0,0,24,0,0,0,0,0,0,0,14,0,0,0,0,0,0,0,1,0,0,0
953.5,1,0,0,0,1,0,1,1,0,0,1,0,23,0,0,0,0,0,0,0,15,0,0,0,0,0,0,0,0,0,1,0
784.34,0,1,0,0,0,1,0,0,0,0,1,0,10,0,0,0,0,0,0,0,12,0,0,0,0,0,0,0,1,0,0,0
753.38,0,1,0,0,1,0,1,0,0,0,1,0,14,0,0,0,0,0,0,0,15,0,0,0,0,0,0,0,0,0,1,0
981.0,1,0,0,0,0,0,1,1,0,0,1,0,10,0,0,0,0,0,0,0,11,0,0,0,0,0,0,0,1,0,0,0
785.02,0,1,0,0,0,1,0,0,0,1,0,0,23,0,0,0,0,0,0,0,11,0,0,0,0,0,0,0,1,0,0,0
781.76,0,1,0,0,0,1,0,0,0,1,0,0,10,0,0,0,0,0,0,0,11,0,0,0,0,0,1,0,1,0,0,0
1096.9,1,0,0,0,0,1,0,0,0,0,1,0,10,0,0,0,0,0,0,0,12,0,0,0,0,0,0,0,0,0,1,0
965.05,1,0,0,0,0,1,0,0,0,0,1,0,11,0,0,0,0,0,0,0,12,0,0,0,0,0,0,0,1,0,0,0
899.9,1,0,0,0,0,0,1,1,0,1,0,0,10,0,0,0,0,0,0,1,11,0,0,0,0,0,0,1,1,0,0,0
970.5,1,0,0,0,0,0,1,0,0,0,1,0,23,0,0,0,0,0,0,0,14,0,0,0,0,0,1,0,1,0,0,0
963.3,1,0,0,0,0,1,0,0,0,0,1,0,10,0,0,0,0,0,0,0,12,0,0,0,0,0,0,0,1,0,0,0
784.44,0,1,0,0,0,1,0,0,0,0,1,0,23,0,0,0,0,0,0,0,16,0,0,0,0,0,0,0,1,0,0,0
910.9,1,0,0,0,0,0,1,1,0,1,0,0,10,0,0,0,0,0,0,1,11,0,0,0,0,0,0,1,1,0,0,0
912.3,1,0,0,0,0,0,1,1,0,1,0,0,8,1,0,0,0,0,0,0,13,0,0,0,0,0,0,0,1,0,0,0
786.26,0,1,0,0,0,1,0,0,0,1,0,0,14,0,0,0,0,0,0,0,14,0,0,0,0,0,0,0,1,0,0,0
985.6,1,0,0,0,0,1,0,0,0,0,1,0,10,0,0,0,0,0,0,0,11,0,0,0,0,0,0,0,1,0,0,0
1030.6,1,0,0,0,0,1,0,0,0,0,1,0,14,0,0,0,0,0,0,0,15,0,0,0,0,0,1,0,1,0,0,0
803.66,0,1,0,0,0,1,0,0,0,1,0,0,10,0,0,0,0,0,0,0,11,0,0,0,0,0,1,0,1,0,0,0
987.6,1,0,0,0,0,0,1,1,0,1,0,0,10,0,0,1,0,0,0,0,11,0,0,0,0,0,1,0,1,0,0,0
803.3,0,1,0,0,0,1,0,0,0,1,0,0,23,0,0,0,0,0,0,0,14,0,0,0,0,0,0,0,1,0,0,0
797.48,0,1,0,0,0,1,0,0,0,1,0,0,10,0,0,0,0,0,0,0,10,0,0,0,0,0,0,1,1,0,0,0
726.8,1,0,0,0,0,0,1,1,0,1,0,0,10,0,0,0,0,0,0,0,12,0,0,0,0,0,0,0,1,0,0,0
777.74,0,1,0,0,0,1,0,0,0,0,1,0,10,0,0,0,0,0,0,0,10,0,0,0,0,0,0,0,1,0,0,0
790.9,1,0,0,0,0,0,1,1,0,1,0,0,10,0,0,0,0,0,0,0,12,0,0,0,0,0,0,1,0,0,1,0
723.0,0,1,0,0,1,0,1,1,0,0,1,0,6,0,0,0,0,0,0,0,14,0,0,0,0,0,0,1,0,0,1,0
793.52,0,1,0,0,0,1,0,0,0,0,1,0,9,0,0,0,0,0,0,0,11,0,0,0,0,0,0,0,1,0,0,0
771.88,0,1,0,0,0,0,1,0,0,1,0,0,10,0,0,0,0,0,0,0,11,0,0,0,0,0,1,0,1,0,0,0
1017.8,1,0,0,0,0,1,0,0,0,1,0,0,14,0,0,0,0,0,0,0,15,0,0,0,0,0,1,0,1,0,0,0
786.8,0,1,0,0,0,1,0,0,0,1,0,0,10,0,0,0,0,0,0,0,12,0,0,0,0,0,0,0,1,0,0,0
985.3,1,0,0,0,0,1,0,0,0,1,0,0,10,0,0,0,0,0,0,0,11,0,0,0,0,0,0,0,1,0,0,0
757.18,0,1,0,0,1,0,1,1,0,1,0,0,23,0,0,0,0,0,0,0,14,0,0,0,0,0,0,0,0,0,1,0
784.94,0,1,0,0,0,1,0,0,0,1,0,0,10,0,0,0,0,0,0,0,10,0,0,1,0,0,0,0,0,0,1,0
733.2,1,0,0,0,1,0,1,1,0,1,0,0,23,0,0,0,0,0,0,1,11,0,0,0,0,0,0,1,0,0,0,1
814.48,0,1,0,0,0,1,0,0,0,0,1,0,10,0,0,0,0,0,0,0,10,0,0,0,0,0,0,0,1,0,0,0
961.2,1,0,0,0,0,0,1,0,0,0,1,0,22,0,0,0,0,0,0,0,14,0,0,0,0,0,0,0,1,0,0,0
780.98,0,1,0,0,0,1,0,0,0,1,0,0,18,0,0,0,0,0,0,0,14,0,0,0,0,0,0,0,0,0,1,0
748.32,0,1,0,0,1,0,1,1,0,0,1,0,23,0,0,0,0,0,0,0,15,0,0,0,0,0,0,0,0,0,1,0
825.6,1,0,0,0,1,0,1,1,0,1,0,0,5,4,0,0,0,0,0,1,5,2,1,2,0,0,0,1,0,0,1,0
754.1,1,0,0,0,1,0,1,1,0,1,0,0,10,0,0,0,0,0,0,0,10,0,0,0,0,0,0,0,0,0,1,0
755.88,0,1,0,0,1,0,1,0,0,1,0,0,29,0,0,0,0,0,0,0,14,0,0,0,0,0,0,0,0,1,0,0
905.0,1,0,0,0,1,0,1,1,0,1,0,0,23,0,0,0,0,0,0,0,14,0,0,0,0,0,0,0,0,0,1,0
799.82,0,1,0,0,0,1,0,0,0,1,0,0,10,0,0,0,0,0,0,0,10,0,0,0,0,0,0,0,0,0,1,0
761.0,0,1,0,0,1,0,1,0,0,0,1,0,10,0,0,0,0,0,0,0,11,0,0,0,0,0,0,0,0,0,1,0
792.4,0,1,0,0,0,1,0,0,0,0,1,0,14,0,0,0,0,0,0,0,13,0,0,0,0,0,0,0,0,0,1,0
1141.45,1,0,0,0,0,1,0,0,0,1,0,0,9,0,0,0,0,0,0,0,11,0,0,0,0,0,0,0,1,0,0,0
1047.65,1,0,0,0,0,1,0,0,0,0,1,0,23,0,0,0,0,0,1,0,15,0,0,0,0,0,0,0,1,0,0,0
999.65,1,0,0,0,0,1,0,0,0,0,1,0,23,0,0,0,0,0,0,0,14,0,0,0,0,0,0,0,1,0,0,0
682.6,1,0,0,0,1,0,1,1,0,0,1,0,22,0,0,0,0,0,0,0,14,0,0,0,0,0,0,0,0,0,1,0
800.52,0,1,0,0,0,1,0,0,0,1,0,0,10,0,0,0,0,0,0,0,2,0,0,0,0,0,0,0,1,0,0,0
980.5,1,0,0,0,0,1,0,0,0,0,1,0,23,0,0,0,0,0,0,0,10,0,0,0,0,0,0,0,1,0,0,0
1109.5,1,0,0,0,0,1,0,0,0,1,0,0,23,0,0,0,0,0,0,0,14,0,0,1,0,0,0,0,1,0,0,0
801.08,0,1,0,0,0,1,0,0,0,1,0,0,10,0,0,0,0,0,0,0,10,0,0,0,0,0,0,0,1,0,0,0
1067.7,1,0,0,0,0,1,0,0,0,1,0,0,23,0,0,0,0,0,0,0,14,0,0,0,0,0,0,0,0,0,1,0
1154.1,1,0,0,0,0,1,0,0,0,1,0,0,10,0,0,0,0,0,0,0,11,0,0,0,0,0,0,0,1,0,0,0
798.9,1,0,0,0,0,0,1,1,0,0,1,0,23,0,0,0,0,0,0,0,14,0,0,0,0,0,0,0,1,0,0,0
792.0,1,0,0,0,1,0,1,0,0,0,1,0,10,0,0,0,0,0,0,0,12,0,0,0,0,0,0,0,0,0,1,0
990.5,1,0,0,0,0,0,1,0,0,1,0,0,10,0,0,0,0,0,0,0,10,0,0,0,0,0,0,0,1,0,0,0
765.46,0,1,0,0,0,0,1,1,0,1,0,0,23,0,0,0,0,0,0,1,15,0,0,0,0,0,1,1,0,0,1,0
1051.6,1,0,0,0,0,1,0,0,0,0,1,0,23,0,0,0,0,0,0,0,14,0,0,0,0,0,0,0,1,0,0,0
1106.05,1,0,0,0,0,1,0,0,0,1,0,0,23,0,0,0,0,0,0,0,14,0,0,0,0,0,0,0,1,0,0,0
844.8,1,0,0,0,1,0,1,0,0,1,0,0,23,0,0,0,0,0,0,0,14,0,0,0,0,0,0,0,0,0,1,0
750.36,0,1,0,0,0,0,1,1,0,1,0,0,13,0,0,0,0,0,0,0,14,0,0,0,0,0,0,0,1,0,0,0
792.7,0,1,0,0,0,1,0,0,0,0,1,0,8,0,0,0,0,0,0,0,12,0,0,0,0,0,0,0,1,0,0,0
977.2,1,0,0,0,0,1,0,0,0,0,1,0,10,0,0,0,0,0,0,0,12,0,0,0,0,0,0,0,1,0,0,0
814.2,0,1,0,0,0,1,0,0,0,0,1,0,23,0,0,0,0,0,0,0,15,0,0,0,0,0,1,0,0,0,1,0
780.1,0,1,0,0,0,1,0,0,0,0,1,0,10,0,0,0,0,0,0,0,10,0,0,0,0,0,0,0,1,0,0,0
1004.8,1,0,0,0,0,1,0,0,0,1,0,0,22,0,0,0,0,0,0,0,14,0,0,0,0,0,0,0,1,0,0,0
739.94,0,1,0,0,1,0,1,1,0,1,0,0,10,0,0,0,0,0,0,0,11,0,0,0,0,1,0,1,0,0,1,0
815.2,1,0,0,0,0,0,1,1,0,0,1,0,22,0,0,0,0,0,0,0,14,0,0,0,0,0,1,0,1,0,0,0
767.24,0,1,0,0,0,0,1,1,0,1,0,0,19,0,0,0,0,0,0,0,10,0,0,0,0,0,0,0,1,0,0,0
758.54,0,1,0,0,1,0,1,1,0,0,1,0,16,2,0,0,0,0,0,1,14,0,0,0,0,1,0,1,0,0,1,0
1028.4,1,0,0,0,0,1,0,0,0,1,0,0,10,0,0,0,0,0,0,0,9,2,0,0,0,0,0,0,1,0,0,0
898.6,1,0,0,0,1,0,1,0,0,0,1,0,10,0,0,0,0,0,0,0,11,0,0,0,0,0,0,0,0,0,1,0
744.32,0,1,0,0,1,0,1,0,0,0,1,0,23,0,0,0,0,0,0,0,10,0,0,0,0,0,1,0,0,0,1,0
741.92,0,1,0,0,1,0,1,1,0,1,0,0,8,2,0,0,0,0,0,0,8,0,0,0,0,0,0,1,0,0,1,0
928.4,1,0,0,0,1,0,1,0,0,0,1,0,10,0,0,0,0,0,0,0,10,0,0,0,0,0,1,0,0,0,1,0
751.16,0,1,0,0,1,0,1,0,0,0,1,0,10,0,0,0,0,0,0,0,10,0,0,0,0,0,0,0,0,0,1,0
736.28,0,1,0,0,0,0,1,1,0,0,1,0,5,0,0,0,0,0,0,0,11,0,0,0,0,0,0,0,0,0,1,0
777.66,0,1,0,0,1,0,1,0,0,1,0,0,10,0,0,0,0,0,0,0,11,0,0,0,0,0,0,0,0,0,1,0
987.3,1,0,0,0,0,1,0,0,0,0,1,0,10,0,0,0,0,0,0,0,11,0,0,0,0,0,0,0,1,0,0,0
1007.7,1,0,0,0,0,1,0,0,0,1,0,0,23,0,0,0,0,0,0,0,14,0,0,1,0,0,1,0,1,0,0,0
794.28,0,1,0,0,0,1,0,0,0,0,1,0,15,0,0,0,0,0,0,0,9,0,0,0,0,0,0,0,1,0,0,0
754.88,0,1,0,0,1,0,1,0,0,1,0,0,10,0,0,0,0,0,0,0,11,0,0,0,0,1,0,0,0,0,0,1
786.42,0,1,0,0,0,1,0,0,0,1,0,0,14,0,0,0,0,0,0,0,15,0,0,0,0,0,0,0,1,0,0,0
1119.2,1,0,0,0,0,1,0,0,0,0,1,0,23,0,0,0,0,0,0,0,14,0,0,0,0,0,0,0,1,0,0,0
761.04,0,1,0,0,0,0,1,1,0,0,1,0,12,0,0,0,0,0,0,0,11,0,0,0,0,0,0,0,1,0,0,0
885.85,1,0,0,0,0,0,1,1,0,1,0,0,23,0,0,0,0,0,0,0,14,0,0,0,0,0,0,1,1,0,0,0
784.2,0,1,0,0,0,1,0,0,0,0,1,0,10,0,0,0,0,0,0,0,11,0,0,0,0,0,1,0,0,0,0,1
800.46,0,1,0,0,0,1,0,0,0,0,1,0,23,0,0,0,0,0,0,0,15,0,0,1,0,0,0,0,1,0,0,0
789.46,0,1,0,0,0,1,0,0,0,1,0,0,22,0,0,0,0,0,0,0,14,0,0,0,0,0,0,0,1,0,0,0
825.7,1,0,0,0,1,0,1,0,0,1,0,0,10,0,0,0,0,0,0,0,12,0,0,0,0,0,0,0,0,0,1,0
795.18,0,1,0,0,0,1,0,0,0,1,0,0,23,0,0,0,0,0,0,0,14,0,0,0,0,0,0,0,0,0,1,0
757.98,0,1,0,0,1,0,1,0,0,0,1,0,23,0,0,0,0,0,0,0,14,0,0,0,0,0,0,0,0,0,1,0
861.95,1,0,0,0,0,0,1,1,0,1,0,0,23,0,0,0,0,0,0,1,10,0,0,0,0,1,0,1,1,0,0,0
782.22,0,1,0,0,0,1,0,0,0,0,1,0,19,0,0,0,0,0,0,0,13,0,0,0,0,0,1,0,1,0,0,0
754.12,0,1,0,0,1,0,1,0,0,1,0,0,10,0,0,0,0,0,0,0,10,0,0,0,0,0,0,0,0,0,1,0
775.38,0,1,0,0,1,0,1,0,0,1,0,0,10,0,0,0,0,0,0,0,10,0,0,0,0,0,0,0,0,0,1,0
988.5,1,0,0,0,0,0,1,1,0,0,1,0,10,0,0,0,0,0,0,1,12,0,0,0,0,0,1,1,1,0,0,0
981.25,1,0,0,0,0,1,0,0,0,0,1,0,23,0,0,0,0,0,0,0,10,0,0,0,0,0,0,0,1,0,0,0
1078.8,1,0,0,0,0,0,1,0,0,1,0,0,23,0,0,0,0,0,0,0,15,0,0,0,0,0,0,0,1,0,0,0
780.82,0,1,0,0,0,1,0,0,0,0,1,0,10,0,0,0,0,0,0,0,11,0,0,0,0,0,0,0,1,0,0,0
799.52,0,1,0,0,0,1,0,0,0,1,0,0,10,0,0,0,0,0,0,0,10,0,0,0,0,0,0,0,0,0,1,0
534.75,1,0,0,0,0,0,1,0,1,0,1,0,23,0,0,0,0,0,0,0,14,0,0,0,0,0,0,0,1,0,0,0
739.4,1,0,0,0,1,0,1,1,0,0,1,0,23,0,0,0,0,0,0,0,14,0,0,0,0,0,0,0,0,0,1,0
815.7,1,0,0,0,1,0,1,1,0,0,1,0,10,0,0,0,0,0,0,0,11,0,0,0,0,0,0,0,0,0,1,0
757.94,0,1,0,0,1,0,1,1,0,1,0,0,10,0,0,0,0,0,0,1,10,0,0,0,0,0,0,1,0,0,1,0
799.86,0,1,0,0,1,0,1,0,0,1,0,0,10,0,0,0,0,0,0,0,12,0,0,0,0,0,0,0,0,0,1,0
766.38,0,1,0,0,1,0,1,0,0,0,1,0,10,0,0,0,0,0,0,0,10,0,0,1,0,0,0,0,0,0,1,0
1035.3,1,0,0,0,0,1,0,0,0,1,0,0,23,0,0,0,0,0,0,0,15,0,0,0,0,0,0,0,1,0,0,0
955.3,1,0,0,0,1,0,1,0,0,1,0,0,23,0,0,0,0,0,0,0,15,0,0,0,0,0,0,0,0,0,0,1
921.8,1,0,0,0,1,0,1,1,0,1,0,0,10,0,0,0,0,0,0,0,11,0,0,0,0,0,0,0,0,0,0,1
786.18,0,1,0,0,0,1,0,0,0,1,0,0,10,0,0,0,0,0,0,0,10,0,0,0,0,0,0,0,0,0,1,0
784.96,0,1,0,0,0,1,0,0,0,0,1,0,8,0,0,0,0,0,0,0,10,0,0,0,0,0,0,0,1,0,0,0
1119.4,1,0,0,0,0,1,0,0,0,0,1,0,10,0,0,0,0,0,0,0,11,0,0,0,0,0,0,0,1,0,0,0
990.75,1,0,0,0,0,1,0,0,0,0,1,0,23,0,0,0,0,0,1,0,11,0,0,0,0,0,1,0,1,0,0,0
1001.05,1,0,0,0,0,0,1,0,0,0,1,0,23,0,0,0,0,0,0,0,10,0,0,0,0,1,0,0,1,0,0,0
739.82,0,1,0,0,1,0,1,1,0,1,0,0,18,1,1,0,0,0,0,0,11,3,0,0,0,0,0,0,0,0,1,0
760.24,0,1,0,0,1,0,1,0,0,0,1,0,23,0,0,0,0,0,0,0,14,0,0,0,0,0,0,0,0,0,1,0
1026.6,1,0,0,0,0,0,1,0,0,0,1,0,23,0,0,0,0,0,0,0,14,0,0,0,0,0,0,0,1,0,0,0
834.6,1,0,0,0,0,0,1,1,0,0,1,0,23,0,0,0,0,0,0,0,14,0,0,0,0,0,0,0,1,0,0,0
739.66,0,1,0,0,1,0,1,1,0,1,0,0,23,0,0,0,0,0,0,0,15,0,0,0,0,0,0,0,0,0,1,0
745.86,0,1,0,0,0,0,1,1,0,0,1,0,9,0,0,5,0,0,0,0,12,0,0,0,0,0,0,0,0,0,1,0
1003.15,1,0,0,0,0,1,0,0,0,0,1,0,10,0,0,0,0,0,0,0,11,0,0,0,0,0,0,0,1,0,0,0
666.9,1,0,0,0,1,0,1,1,0,0,1,0,10,0,0,0,0,0,0,0,12,0,0,0,0,0,0,0,0,0,0,1
759.7,0,1,0,0,1,0,1,0,0,0,1,0,19,0,0,0,0,0,0,0,11,0,0,0,0,1,0,0,0,0,1,0
1008.5,1,0,0,0,0,1,0,0,0,0,1,0,23,0,0,0,0,0,0,0,14,0,0,1,0,0,1,0,1,0,0,0
747.16,0,1,0,0,1,0,1,1,0,1,0,0,13,0,0,0,0,0,0,0,13,1,0,0,0,0,0,0,0,0,1,0
744.3,0,1,0,0,1,0,1,0,0,0,1,0,10,0,0,0,0,0,0,0,11,0,0,0,0,1,0,0,0,0,1,0
796.8,0,1,0,0,0,1,0,0,0,0,1,0,23,0,0,0,0,0,0,0,11,0,0,0,0,0,0,0,1,0,0,0
796.66,0,1,0,0,0,1,0,0,0,1,0,0,14,0,0,0,0,0,0,0,15,0,0,0,0,0,0,0,1,0,0,0
785.38,0,1,0,0,0,1,0,0,0,0,1,0,8,0,0,0,0,0,0,0,12,0,0,0,0,0,0,0,1,0,0,0
801.5,0,1,0,0,0,1,0,0,0,1,0,0,23,0,0,0,0,0,0,0,14,0,0,0,0,0,0,0,0,0,1,0
985.1,1,0,0,0,0,1,0,0,0,0,1,0,14,0,0,0,0,0,0,0,14,0,0,1,0,0,1,0,0,0,1,0
862.1,1,0,0,0,0,0,1,1,0,1,0,0,23,0,0,0,0,0,0,1,15,0,0,0,0,0,0,1,1,0,0,0
828.5,1,0,0,0,0,0,1,1,0,1,0,0,22,0,0,0,0,0,0,0,15,0,0,0,0,0,0,1,1,0,0,0
969.45,1,0,0,0,0,1,0,0,0,1,0,0,10,0,0,0,0,0,0,0,11,0,0,0,0,0,0,0,1,0,0,0
1043.4,1,0,0,0,0,1,0,0,0,0,1,0,10,0,0,0,0,0,0,0,10,0,0,0,0,1,0,0,1,0,0,0
775.78,0,1,0,0,0,1,0,0,0,0,1,0,10,0,0,0,0,0,0,0,10,0,0,0,0,0,0,0,1,0,0,0
782.14,0,1,0,0,0,1,0,0,0,1,0,0,10,0,0,0,0,0,0,0,11,0,0,1,0,0,0,0,1,0,0,0
772.14,0,1,0,0,0,1,0,0,0,1,0,0,11,0,0,0,0,0,1,0,10,0,0,1,0,0,1,0,1,0,0,0
805.32,0,1,0,0,0,1,0,0,0,1,0,0,23,0,0,0,0,0,0,0,14,0,0,0,0,0,0,0,1,0,0,0
785.14,0,1,0,0,0,1,0,0,0,0,1,0,10,0,0,0,0,0,0,0,12,0,0,0,0,0,0,0,0,0,1,0
1024.0,1,0,0,0,0,1,0,0,0,1,0,0,23,0,0,0,0,0,0,0,16,0,0,0,0,0,0,0,1,0,0,0
786.24,0,1,0,0,0,1,0,0,0,1,0,0,10,0,0,0,0,0,0,0,12,0,0,0,0,0,0,0,1,0,0,0
796.3,0,1,0,0,0,1,0,0,0,0,1,0,19,0,0,0,0,0,0,0,10,0,0,0,0,0,0,0,0,0,1,0
754.64,0,1,0,0,0,0,1,1,0,1,0,0,10,0,0,0,0,0,0,0,10,0,0,0,0,0,0,0,1,0,0,0
997.25,1,0,0,0,0,1,0,0,0,0,1,0,23,0,0,0,0,0,0,0,14,0,0,0,0,0,0,0,1,0,0,0
807.0,1,0,0,0,0,0,1,1,0,0,1,0,14,0,0,0,0,0,0,0,15,0,0,0,0,0,0,0,1,0,0,0
1062.05,1,0,0,0,0,1,0,0,0,0,1,0,23,0,0,0,0,0,0,0,15,0,0,0,0,0,0,0,1,0,0,0
790.16,0,1,0,0,0,1,0,0,0,1,0,0,10,0,0,0,0,0,0,0,11,0,0,0,0,0,1,0,1,0,0,0
770.02,0,1,0,0,0,1,0,0,0,0,1,0,10,0,0,0,0,0,0,0,11,0,0,0,0,0,1,0,1,0,0,0
753.84,0,1,0,0,0,0,1,1,0,1,0,0,10,0,0,0,0,0,0,1,10,0,0,0,0,0,0,1,1,0,0,0
783.7,0,1,0,0,0,1,0,0,0,1,0,0,10,0,0,0,0,0,0,0,12,0,0,0,0,0,1,0,1,0,0,0
1078.1,1,0,0,0,0,1,0,0,0,0,1,0,23,0,0,0,0,0,0,0,14,0,0,0,0,0,0,0,1,0,0,0
716.1,1,0,0,0,1,0,1,1,0,1,0,0,23,0,0,0,0,0,0,0,15,0,0,0,0,0,0,1,0,0,1,0
780.94,0,1,0,0,0,1,0,0,0,1,0,0,10,0,0,0,0,0,0,0,10,0,0,1,0,0,0,0,1,0,0,0
785.4,1,0,0,0,1,0,1,1,0,0,1,0,10,0,0,0,0,0,0,0,10,0,0,0,0,1,0,0,0,0,1,0
758.66,0,1,0,0,1,0,1,0,0,1,0,0,14,0,0,0,0,0,0,0,14,0,0,0,0,0,1,0,0,0,1,0
1028.9,1,0,0,0,0,0,1,0,0,1,0,0,10,0,0,0,0,0,0,0,11,0,0,0,0,0,0,0,0,0,1,0
746.78,0,1,0,0,1,0,1,1,0,0,1,0,23,0,0,0,0,0,0,0,10,0,0,0,0,0,0,1,0,0,1,0
1061.5,1,0,0,0,1,0,1,0,0,0,1,0,10,0,0,0,0,0,0,0,10,0,0,0,0,0,1,0,0,0,1,0
1013.0,1,0,0,0,0,1,0,0,0,0,1,0,10,0,0,0,0,0,0,0,12,0,0,0,0,0,0,0,1,0,0,0
746.62,0,1,0,0,1,0,1,0,0,1,0,0,10,0,0,0,0,0,0,0,10,0,0,0,0,0,0,0,0,0,1,0
795.22,0,1,0,0,0,1,0,0,0,1,0,0,23,0,0,0,0,0,0,0,14,0,0,0,0,0,0,0,0,0,1,0
807.0,0,1,0,0,0,1,0,0,0,0,1,0,23,0,0,0,0,0,1,0,15,0,0,0,0,0,0,0,1,0,0,0
1136.1,1,0,0,0,0,1,0,0,0,0,1,0,23,0,0,0,0,0,0,0,14,0,0,0,0,0,0,0,1,0,0,0
1028.4,1,0,0,0,0,1,0,0,0,0,1,0,22,0,0,0,0,0,0,0,14,0,0,0,0,0,1,0,1,0,0,0
798.22,0,1,0,0,0,0,1,1,0,0,1,0,10,0,0,0,0,0,0,0,12,0,0,0,0,0,0,1,1,0,0,0
1041.4,1,0,0,0,1,0,1,0,0,0,1,0,10,0,0,0,0,0,0,0,10,0,0,1,0,0,0,0,0,0,1,0
798.04,0,1,0,0,0,1,0,0,0,0,1,0,10,0,0,0,0,0,0,0,11,0,0,2,0,0,0,0,1,0,0,0
836.5,1,0,0,0,1,0,1,0,0,0,1,0,10,0,0,0,0,0,0,0,11,1,0,0,0,0,0,0,0,0,1,0
1040.5,1,0,0,0,0,1,0,0,0,0,1,0,8,1,0,0,0,0,0,0,9,0,0,0,0,0,0,0,1,0,0,0
764.22,0,1,0,0,0,0,1,1,0,0,1,0,23,0,0,0,0,0,0,0,15,0,0,0,0,0,0,0,1,0,0,0
1000.7,1,0,0,0,0,0,1,1,0,0,1,0,9,0,0,0,0,0,0,0,11,0,0,0,0,0,0,0,1,0,0,0
756.6,1,0,0,0,1,0,1,1,0,0,1,0,23,0,0,0,0,0,0,0,14,0,0,1,0,0,0,0,0,0,1,0
794.6,0,1,0,0,0,1,0,0,0,1,0,0,23,0,0,0,0,0,0,0,14,0,0,0,0,0,0,0,1,0,0,0
796.14,0,1,0,0,0,1,0,0,0,1,0,0,23,0,0,0,0,0,0,0,10,0,0,0,0,1,0,1,1,0,0,0
800.72,0,1,0,0,0,1,0,0,0,0,1,0,10,0,0,0,0,0,0,0,10,0,0,0,0,0,0,0,1,0,0,0
1024.9,1,0,0,0,0,0,1,0,0,1,0,0,10,0,0,0,0,0,0,0,10,0,0,0,0,0,1,0,0,0,1,0
845.3,1,0,0,0,1,0,1,1,0,0,1,0,23,0,0,0,0,0,0,0,14,0,0,0,0,0,0,1,0,0,1,0
755.72,0,1,0,0,1,0,1,1,0,1,0,0,10,0,0,0,0,0,0,1,10,1,0,1,0,0,0,1,0,0,1,0
815.3,1,0,0,0,0,0,1,1,0,1,0,0,10,0,0,0,0,0,0,1,11,0,0,1,0,1,0,1,1,0,0,0
785.14,0,1,0,0,0,1,0,0,0,1,0,0,19,2,0,0,0,0,0,0,11,0,1,2,0,0,0,0,0,0,1,0
1071.2,1,0,0,0,0,1,0,0,0,1,0,0,9,0,0,0,0,0,0,0,12,0,0,0,0,0,0,0,1,0,0,0
913.85,1,0,0,0,0,0,1,1,0,1,0,0,9,0,0,0,0,0,0,0,13,0,0,0,0,0,0,0,0,0,1,0
1021.4,1,0,0,0,0,0,1,0,0,0,1,0,23,0,0,0,0,0,0,0,14,0,0,0,0,0,0,0,1,0,0,0
791.4,0,1,0,0,0,1,0,0,0,0,1,0,10,0,0,0,0,0,0,0,11,0,0,0,0,0,1,0,0,0,1,0
1098.9,1,0,0,0,0,1,0,0,0,0,1,0,9,0,0,0,0,0,0,0,11,0,0,0,0,0,0,0,1,0,0,0
1029.4,1,0,0,0,0,1,0,0,0,0,1,0,23,0,0,0,0,0,0,0,14,0,0,0,0,0,1,0,1,0,0,0
799.42,0,1,0,0,0,1,0,0,0,1,0,0,22,0,0,0,0,0,0,0,14,0,0,0,0,0,1,0,0,1,0,0
794.14,0,1,0,0,0,1,0,0,0,0,1,0,23,0,0,0,0,0,0,0,14,0,0,0,0,0,0,0,1,0,0,0
1017.1,1,0,0,0,0,1,0,0,0,0,1,0,22,0,0,0,0,0,0,0,14,0,0,0,0,0,1,0,1,0,0,0
715.0,0,1,0,0,0,0,1,0,1,0,1,0,16,7,0,0,0,0,0,0,10,0,0,0,0,0,0,0,1,0,0,0
1115.5,1,0,0,0,0,1,0,0,0,1,0,0,10,0,0,0,0,0,0,0,12,0,0,0,0,0,1,0,1,0,0,0
1006.6,1,0,0,0,0,1,0,0,0,1,0,0,22,0,0,0,0,0,0,0,15,0,0,0,0,0,0,0,1,0,0,0
879.3,1,0,0,0,0,1,0,0,0,0,1,0,11,0,0,0,0,0,0,0,12,0,0,0,0,0,0,0,1,0,0,0
1002.6,1,0,0,0,0,1,0,0,0,1,0,0,10,0,0,0,0,0,0,0,11,0,0,0,0,0,0,0,1,0,0,0
786.56,0,1,0,0,0,0,1,0,0,0,1,0,10,0,0,0,0,0,0,0,10,0,0,0,0,0,0,0,1,0,0,0
761.16,0,1,0,0,1,0,1,0,0,1,0,0,10,0,0,0,0,0,0,0,11,0,0,0,0,0,0,0,0,0,1,0
750.54,0,1,0,0,1,0,1,0,0,0,1,0,7,0,0,0,0,0,0,0,11,0,0,0,0,0,0,0,0,0,1,0
1121.2,1,0,0,0,0,0,1,0,0,0,1,0,23,0,0,0,0,0,0,0,14,0,0,0,0,0,0,0,1,0,0,0
802.16,0,1,0,0,0,1,0,0,0,1,0,0,10,0,0,0,0,0,0,0,11,0,0,0,0,0,0,0,0,0,1,0
997.0,1,0,0,0,0,1,0,0,0,1,0,0,23,0,0,0,0,0,0,0,15,0,0,0,0,0,0,0,1,0,0,0
776.58,0,1,0,0,1,0,1,0,0,0,1,0,10,0,0,0,0,0,0,0,12,0,0,0,0,0,0,0,0,0,1,0
819.8,1,0,0,0,1,0,1,0,0,0,1,0,18,1,0,0,0,0,0,0,15,1,0,0,0,0,0,0,0,0,1,0
1033.55,1,0,0,0,0,1,0,0,0,1,0,0,9,0,0,0,0,0,0,0,12,0,0,0,0,0,0,0,1,0,0,0
797.5,0,1,0,0,0,1,0,0,0,1,0,0,19,0,0,0,0,0,0,1,15,0,0,0,0,0,0,1,0,0,1,0
1001.4,1,0,0,0,0,1,0,0,0,0,1,0,10,0,0,0,0,0,0,0,11,0,0,0,0,0,0,0,1,0,0,0
796.94,0,1,0,0,0,1,0,0,0,1,0,0,10,0,0,0,0,0,0,0,11,0,0,0,0,0,0,0,1,0,0,0
745.92,0,1,0,0,0,0,1,1,0,1,0,0,13,0,0,0,0,0,0,0,11,0,0,0,0,0,0,1,1,0,0,0
822.8,1,0,0,0,0,0,1,1,0,0,1,0,22,0,0,0,0,0,0,0,14,0,0,0,0,0,0,1,1,0,0,0
991.6,1,0,0,0,0,1,0,0,0,0,1,0,10,0,0,0,0,0,0,1,10,0,0,0,0,0,1,1,1,0,0,0
740.96,0,1,0,0,1,0,1,1,0,1,0,0,9,1,0,0,0,0,0,0,9,0,0,0,0,0,0,0,0,0,1,0
786.58,0,1,0,0,1,0,1,0,0,1,0,0,9,0,0,0,0,0,0,0,9,0,0,0,0,1,0,0,0,0,1,0
1123.6,1,0,0,0,0,0,1,0,0,1,0,0,23,0,0,0,0,0,0,0,15,0,0,0,0,0,0,0,1,0,0,0
777.62,0,1,0,0,0,1,0,0,0,0,1,0,10,0,0,0,0,0,0,0,10,0,0,0,0,0,1,0,1,0,0,0
1020.45,1,0,0,0,0,1,0,0,0,1,0,0,10,0,0,0,0,0,0,0,13,0,0,0,0,0,0,0,0,0,1,0
1088.3,1,0,0,0,0,0,1,0,0,0,1,0,10,0,0,0,0,0,0,0,12,0,0,0,0,0,1,0,1,0,0,0
872.2,1,0,0,0,1,0,1,0,0,0,1,0,10,0,0,0,0,0,0,0,11,0,0,0,0,0,1,0,0,0,1,0
786.28,0,1,0,0,1,0,1,0,0,0,1,0,10,0,0,0,0,0,0,0,11,0,0,0,0,0,0,0,0,0,1,0
827.05,1,0,0,0,1,0,1,0,0,0,1,0,23,0,0,0,0,0,0,0,14,0,0,0,0,0,0,0,0,0,1,0
903.1,1,0,0,0,1,0,1,0,0,0,1,0,10,0,0,0,0,0,0,0,10,0,0,0,0,0,0,0,0,0,1,0
987.6,1,0,0,0,0,0,1,1,0,0,1,0,9,0,0,0,0,0,0,0,11,0,0,0,0,0,0,0,1,0,0,0
795.34,0,1,0,0,0,1,0,0,0,1,0,0,8,0,0,1,0,0,0,0,11,0,0,1,0,0,0,0,1,0,0,0
1054.1,1,0,0,0,0,1,0,0,0,0,1,0,23,0,0,0,0,0,0,0,14,0,0,0,0,0,0,0,1,0,0,0
770.76,0,1,0,0,0,0,1,1,0,0,1,0,23,0,0,0,0,0,0,0,14,0,0,0,0,0,0,0,1,0,0,0
761.86,0,1,0,0,1,0,1,1,0,0,1,0,10,0,0,0,0,0,0,0,12,0,0,0,0,0,0,1,0,0,1,0
763.1,0,1,0,0,1,0,1,0,0,0,1,0,19,0,0,0,0,0,0,0,15,0,0,0,0,0,1,0,0,0,1,0
797.92,0,1,0,0,0,1,0,0,0,1,0,0,23,0,0,0,0,0,0,0,14,0,0,0,0,0,0,0,1,0,0,0
758.52,0,1,0,0,1,0,1,0,0,0,1,0,10,0,0,0,0,0,0,0,11,0,0,0,0,0,0,0,0,0,1,0
1093.6,1,0,0,0,0,1,0,0,0,1,0,0,10,0,0,0,0,0,0,0,10,0,0,0,0,0,0,0,1,0,0,0
866.6,1,0,0,0,0,0,1,1,0,0,1,0,10,0,0,0,0,0,0,0,11,0,0,0,0,0,0,0,1,0,0,0
805.38,0,1,0,0,0,1,0,0,0,1,0,0,23,0,0,0,0,0,0,0,14,0,0,0,0,0,1,0,1,0,0,0
796.12,0,1,0,0,0,1,0,0,0,0,1,0,23,0,0,0,0,0,0,0,14,0,0,0,0,0,0,0,0,0,1,0
902.35,1,0,0,0,0,1,0,0,0,0,1,0,10,0,0,0,0,0,0,0,11,0,0,0,0,0,0,0,1,0,0,0
1004.7,1,0,0,0,0,1,0,0,0,0,1,0,10,0,0,0,0,0,0,0,12,0,0,0,0,0,0,0,1,0,0,0
752.24,0,1,0,0,1,0,1,0,0,0,1,0,10,0,0,0,0,0,0,0,11,0,0,0,0,0,0,0,0,0,1,0
767.2,0,1,0,0,0,0,1,1,0,1,0,0,21,0,0,0,0,0,0,0,14,0,0,0,0,0,0,1,1,0,0,0
1075.3,1,0,0,0,0,1,0,0,0,0,1,0,23,0,0,0,0,0,0,0,14,0,0,0,0,0,0,0,1,0,0,0
1110.5,1,0,0,0,0,1,0,0,0,1,0,0,10,0,0,0,0,0,0,0,11,0,0,0,0,0,0,0,1,0,0,0
793.72,0,1,0,0,0,1,0,0,0,1,0,0,14,0,0,0,0,0,0,0,10,0,0,0,0,0,0,0,1,0,0,0
795.62,0,1,0,0,0,1,0,0,0,1,0,0,23,0,0,0,0,0,0,0,14,0,0,0,0,0,0,0,0,1,0,0
1013.3,1,0,0,0,0,1,0,0,0,1,0,0,10,0,0,0,0,0,0,0,10,0,0,0,0,0,0,0,1,0,0,0
783.36,0,1,0,0,0,1,0,0,0,0,1,0,18,0,0,0,0,0,0,0,13,0,0,0,0,0,1,0,1,0,0,0
814.74,0,1,0,0,0,1,0,0,0,1,0,0,10,0,0,0,0,0,0,0,11,0,0,0,0,0,1,0,1,0,0,0
812.82,0,1,0,0,0,1,0,0,0,0,1,0,23,0,0,0,0,0,0,0,14,0,0,0,0,0,0,0,1,0,0,0
758.76,0,1,0,0,1,0,1,0,0,0,1,0,10,0,0,0,0,0,0,0,12,0,0,0,0,0,0,0,0,0,1,0
1039.6,1,0,0,0,0,0,1,1,0,0,1,0,23,0,0,0,0,0,0,0,14,0,0,0,0,0,0,0,1,0,0,0
1087.5,1,0,0,0,0,1,0,0,0,1,0,0,10,0,0,0,0,0,0,0,11,0,0,0,0,0,0,0,1,0,0,0
784.82,0,1,0,0,0,1,0,0,0,1,0,0,7,0,0,0,0,0,0,0,10,0,0,0,0,0,0,0,1,0,0,0
1023.4,1,0,0,0,0,1,0,0,0,0,1,0,10,0,0,0,0,0,0,0,11,0,0,0,0,0,0,0,1,0,0,0
1065.4,1,0,0,0,0,1,0,0,0,0,1,0,23,0,0,0,0,0,0,0,15,0,0,0,0,0,0,0,1,0,0,0
737.8,0,1,0,0,1,0,1,1,0,1,0,0,10,0,0,0,0,0,0,0,10,0,0,0,0,0,0,0,0,0,1,0
792.4,0,1,0,0,0,1,0,0,0,0,1,0,24,0,0,0,0,0,0,0,15,0,0,0,0,0,0,0,1,0,0,0
781.66,0,1,0,0,0,1,0,0,0,1,0,0,9,1,0,0,0,0,0,0,6,0,0,2,0,1,0,0,0,0,1,0
835.9,1,0,0,0,1,0,1,0,0,1,0,0,22,0,0,0,0,0,0,0,14,0,0,0,0,0,0,0,0,0,1,0
915.6,1,0,0,0,0,0,1,1,0,0,1,0,10,0,0,0,0,0,0,0,11,0,0,0,0,0,0,0,1,0,0,0
807.42,0,1,0,0,0,1,0,0,0,1,0,0,23,0,0,0,0,0,0,0,15,0,0,0,0,0,0,0,1,0,0,0
738.16,0,1,0,0,1,0,1,1,0,1,0,0,10,0,0,0,0,0,0,0,10,0,0,0,0,0,0,1,0,0,1,0
655.78,0,1,0,0,0,0,1,1,1,1,0,0,23,0,0,0,0,0,0,0,14,0,0,0,0,0,0,0,1,0,0,0
802.74,0,1,0,0,0,1,0,0,0,1,0,0,23,0,0,0,0,0,0,0,14,0,0,0,0,0,0,0,1,0,0,0
801.88,0,1,0,0,0,1,0,0,0,0,1,0,17,0,0,0,0,0,0,0,10,0,0,0,0,0,0,0,1,0,0,0
1032.2,1,0,0,0,0,1,0,0,0,0,1,0,10,0,0,0,0,0,0,0,10,0,0,0,0,1,0,0,1,0,0,0
941.9,1,0,0,0,0,0,1,1,0,1,0,0,23,0,0,0,0,0,0,0,15,0,0,0,0,0,0,0,1,0,0,0
1028.8,1,0,0,0,0,1,0,0,0,1,0,0,22,0,0,0,0,0,0,0,15,0,0,0,0,0,1,0,0,0,1,0
785.9,0,1,0,0,0,1,0,0,0,1,0,0,17,0,0,0,0,0,0,0,14,0,0,0,0,0,0,0,1,0,0,0
796.12,0,1,0,0,0,1,0,0,0,1,0,0,10,0,0,0,0,0,0,0,11,0,0,0,0,0,0,0,1,0,0,0
917.9,0,1,0,0,0,0,1,1,0,1,0,0,10,0,0,0,0,0,0,1,11,0,0,0,0,0,0,1,1,0,0,0
822.1,1,0,0,0,1,0,1,0,0,1,0,0,23,0,0,0,0,0,0,0,14,0,0,0,0,0,0,0,0,0,1,0
1075.2,1,0,0,0,0,0,1,1,0,0,1,0,10,0,0,0,0,0,0,0,11,0,0,0,0,0,1,0,1,0,0,0
781.2,0,1,0,0,0,0,1,0,0,1,0,0,24,0,0,0,0,0,0,0,15,0,0,0,0,0,0,0,1,0,0,0
788.88,0,1,0,0,0,0,1,0,0,1,0,0,23,0,0,0,0,0,0,0,14,0,0,0,0,0,0,0,1,0,0,0
1065.8,1,0,0,0,0,1,0,0,0,0,1,0,23,0,0,0,0,0,0,0,14,0,0,0,0,0,1,0,1,0,0,0
801.66,0,1,0,0,0,1,0,0,0,0,1,0,23,0,0,0,0,0,0,0,14,0,0,0,0,0,0,0,1,0,0,0
1043.8,1,0,0,0,0,1,0,0,0,1,0,0,23,0,0,0,0,0,0,0,15,0,0,0,0,0,0,0,1,0,0,0
740.54,0,1,0,0,0,0,1,1,0,0,1,0,10,0,0,0,0,0,0,0,13,0,0,0,0,0,0,1,1,0,0,0
788.3,0,1,0,0,0,1,0,0,0,0,1,0,8,0,0,0,0,0,0,0,9,0,0,0,0,0,0,0,1,0,0,0
773.18,0,1,0,0,0,0,1,0,0,1,0,0,7,0,0,0,0,0,0,0,11,0,0,0,0,0,0,0,1,0,0,0
759.82,0,1,0,0,1,0,1,1,0,1,0,0,17,2,0,0,0,0,0,1,9,0,0,0,0,0,0,1,0,0,1,0
753.52,0,1,0,0,1,0,1,0,0,1,0,0,14,0,0,0,0,0,0,0,14,0,0,0,0,1,0,0,0,0,1,0
999.2,1,0,0,0,1,0,1,0,0,1,0,0,10,0,0,0,0,0,0,0,10,1,0,2,0,0,1,0,0,0,0,1
774.68,0,1,0,0,0,1,0,0,0,1,0,0,10,0,0,0,0,0,0,0,12,0,0,0,0,0,0,0,1,0,0,0
757.44,0,1,0,0,0,0,1,1,0,0,1,0,14,0,0,0,0,0,0,0,14,0,0,0,0,0,0,0,1,0,0,0
808.2,0,1,0,0,0,1,0,0,0,0,1,0,10,0,0,0,0,0,0,0,11,0,0,0,0,0,0,0,1,0,0,0
785.9,0,1,0,0,0,1,0,0,0,0,1,0,14,0,0,0,0,0,0,0,14,0,0,0,0,0,0,0,1,0,0,0
758.2,0,1,0,0,0,0,1,0,0,0,1,0,14,0,0,0,0,0,0,0,15,0,0,0,0,0,1,0,1,0,0,0
1033.2,1,0,0,0,0,1,0,0,0,0,1,0,10,0,0,0,0,0,0,0,10,0,0,0,0,0,0,0,1,0,0,0
1121.3,1,0,0,0,0,1,0,0,0,0,1,0,10,0,0,0,0,0,0,0,10,0,0,0,0,1,0,0,1,0,0,0
788.14,0,1,0,0,0,1,0,0,0,0,1,0,10,0,0,0,0,0,0,0,12,0,0,1,0,1,0,0,1,0,0,0
793.0,1,0,0,0,1,0,1,1,0,1,0,0,10,0,0,0,0,0,0,0,11,0,0,0,0,0,0,0,0,0,0,1
794.6,0,1,0,0,0,1,0,0,0,1,0,0,23,0,0,0,0,0,0,0,11,0,0,0,0,0,0,0,0,0,1,0
978.5,1,0,0,0,0,1,0,0,0,0,1,0,10,0,0,0,0,0,0,0,10,0,0,0,0,0,0,0,1,0,0,0
740.92,0,1,0,0,1,0,1,1,0,0,1,0,19,0,0,0,0,0,0,0,11,0,0,0,0,0,0,0,0,0,0,1
908.7,1,0,0,0,1,0,1,0,0,0,1,0,23,0,0,0,0,0,0,0,15,0,0,0,0,0,0,0,0,0,1,0
953.6,1,0,0,0,0,0,1,1,0,1,0,0,10,0,0,0,0,0,0,0,12,0,0,0,0,0,0,0,1,0,0,0
775.18,0,1,0,0,0,1,0,0,0,0,1,0,8,0,0,0,0,0,0,0,5,0,0,0,0,0,0,0,1,0,0,0
1031.6,1,0,0,0,1,0,1,0,0,1,0,0,10,0,0,0,0,0,0,0,10,0,0,0,0,0,0,0,0,0,1,0
746.98,0,1,0,0,0,0,1,1,0,0,1,0,10,0,0,0,0,0,0,0,10,0,0,0,0,0,0,1,1,0,0,0
1014.7,1,0,0,0,0,1,0,0,0,0,1,0,23,0,0,0,0,0,0,0,14,0,0,0,0,0,1,0,1,0,0,0
750.2,0,1,0,0,1,0,1,0,0,0,1,0,17,0,0,0,0,0,0,0,13,0,0,0,0,0,1,0,0,0,1,0
714.7,1,0,0,0,0,0,1,1,0,0,1,0,9,1,0,0,0,0,0,1,8,1,0,0,0,0,0,1,1,0,0,0
770.86,0,1,0,0,0,1,0,0,0,0,1,0,9,0,0,0,0,0,0,0,10,0,0,0,0,0,0,0,1,0,0,0
763.78,0,1,0,0,1,0,1,0,0,0,1,0,10,0,0,0,0,0,0,0,10,0,0,0,0,0,0,0,0,0,1,0
803.75,1,0,0,0,1,0,1,0,0,0,1,0,23,0,0,0,0,0,0,1,14,0,0,0,0,0,0,1,0,0,1,0
1024.25,1,0,0,0,0,1,0,0,0,0,1,0,10,0,0,0,0,0,0,0,12,0,0,0,0,0,0,0,1,0,0,0
769.92,0,1,0,0,1,0,1,1,0,1,0,0,10,0,0,0,0,0,0,0,10,0,0,1,0,0,0,0,0,0,1,0
761.0,0,1,0,0,1,0,1,0,0,1,0,0,24,0,0,0,0,0,0,0,12,2,0,0,0,0,0,0,0,0,1,0
779.54,0,1,0,0,0,1,0,0,0,1,0,0,10,0,0,0,0,0,0,0,11,0,0,0,0,0,0,0,0,0,1,0
795.48,0,1,0,0,0,1,0,0,0,0,1,0,6,0,0,0,0,0,0,0,11,0,0,0,0,0,0,0,0,0,0,1
791.58,0,1,0,0,0,1,0,0,0,1,0,0,14,0,0,0,0,0,0,0,14,0,0,0,0,0,0,0,1,0,0,0
1017.35,1,0,0,0,0,1,0,0,0,1,0,0,23,0,0,0,0,0,0,0,15,0,0,0,0,0,0,0,0,0,1,0
1018.7,1,0,0,0,1,0,1,0,0,0,1,0,10,0,0,0,0,0,0,0,11,0,0,0,0,0,0,0,0,0,1,0
767.18,0,1,0,0,0,0,1,1,0,0,1,0,20,0,0,0,0,0,0,0,9,0,0,0,0,1,0,0,1,0,0,0
795.72,0,1,0,0,0,1,0,0,0,0,1,0,23,0,0,1,0,0,0,1,15,0,0,0,0,0,0,1,0,0,1,0
841.14,0,1,0,0,0,1,0,0,0,1,0,0,14,0,0,0,0,0,0,0,13,0,0,3,0,1,0,0,1,0,0,0
806.48,0,1,0,0,0,1,0,0,0,1,0,0,23,0,0,0,0,0,0,0,14,0,0,0,0,0,0,0,1,0,0,0
770.26,0,1,0,0,1,0,1,0,0,0,1,0,10,0,0,0,0,0,0,0,10,0,0,0,0,1,0,0,0,0,1,0
760.3,0,1,0,0,1,0,1,0,0,1,0,0,23,0,0,0,0,0,0,0,14,0,0,0,0,0,0,0,0,0,1,0
780.12,0,1,0,0,0,1,0,0,0,1,0,0,5,0,0,0,0,0,0,0,9,0,0,0,0,0,0,0,1,0,0,0
962.9,1,0,0,0,0,1,0,0,0,1,0,0,10,0,0,0,0,0,0,0,11,0,0,0,0,0,1,0,1,0,0,0
593.0,1,0,0,0,1,0,1,1,0,0,1,0,14,0,0,0,0,0,0,1,15,0,0,0,0,0,0,1,0,0,0,1
971.3,1,0,0,0,0,1,0,0,0,0,1,0,23,0,0,0,0,0,0,0,10,0,0,0,0,0,0,0,1,0,0,0
785.84,0,1,0,0,0,0,1,0,0,0,1,0,14,0,0,0,0,0,0,0,14,0,0,0,0,0,0,0,1,0,0,0
784.64,0,1,0,0,0,1,0,0,0,0,1,0,8,0,0,0,0,0,0,0,11,0,0,0,0,0,0,0,1,0,0,0
774.62,0,1,0,0,0,0,1,1,0,0,1,0,8,0,0,0,0,0,0,0,10,0,0,0,0,0,0,0,1,0,0,0
992.45,1,0,0,0,0,0,1,0,0,1,0,0,23,0,0,0,0,0,0,0,10,0,0,0,0,0,0,0,0,0,1,0
1099.3,1,0,0,0,0,1,0,0,0,0,1,0,10,0,0,0,0,0,0,0,12,0,0,0,0,0,0,0,1,0,0,0
812.4,1,0,0,0,1,0,1,0,0,0,1,0,22,0,0,0,0,0,0,0,14,0,0,0,0,0,0,0,0,0,1,0
946.3,1,0,0,0,1,0,1,1,0,0,1,0,23,0,0,0,0,0,0,1,15,0,0,0,0,0,0,1,0,0,1,0
779.46,0,1,0,0,0,0,1,0,0,1,0,0,19,0,0,0,0,0,0,0,8,0,0,0,0,0,0,0,1,0,0,0
716.6,1,0,0,0,0,0,1,1,0,0,1,0,10,0,0,0,0,0,0,0,10,1,0,0,0,0,0,0,1,0,0,0
742.38,0,1,0,0,1,0,1,1,0,1,0,0,9,1,0,0,0,0,0,0,7,1,0,0,0,0,0,0,0,0,0,1
794.22,0,1,0,0,0,1,0,0,0,1,0,0,23,0,0,0,0,0,0,0,10,0,0,0,0,0,0,0,1,0,0,0
786.76,0,1,0,0,0,1,0,0,0,0,1,0,14,0,0,0,0,0,0,0,14,0,0,1,0,0,0,0,1,0,0,0
802.24,0,1,0,0,0,1,0,0,0,0,1,0,14,0,0,0,0,0,0,0,13,0,0,0,0,0,0,0,0,0,1,0
736.54,0,1,0,0,0,0,1,1,0,0,1,0,8,0,0,0,0,0,0,0,11,0,0,0,0,0,0,0,1,0,0,0
1020.5,1,0,0,0,0,1,0,0,0,1,0,0,10,0,0,0,0,0,0,0,12,0,0,0,0,0,0,0,1,0,0,0
635.2,1,0,0,0,1,0,1,1,0,0,1,0,6,0,0,5,0,0,0,0,7,0,0,0,0,1,0,0,0,0,1,0
630.1,1,0,0,0,1,0,1,1,0,1,0,0,23,0,0,0,0,0,0,0,10,0,0,0,0,0,0,0,0,0,1,0
758.12,0,1,0,0,0,0,1,1,0,1,0,0,23,0,0,0,0,0,0,0,15,0,0,0,0,0,0,0,1,0,0,0
785.54,0,1,0,0,0,1,0,0,0,1,0,0,14,0,0,0,0,0,0,0,14,0,0,0,0,0,0,0,0,0,1,0
742.14,0,1,0,0,1,0,1,1,0,1,0,0,10,0,0,0,0,0,0,0,11,0,0,0,0,0,1,1,0,0,1,0
987.1,1,0,0,0,0,1,0,0,0,0,1,0,10,0,0,0,0,0,0,0,11,0,0,0,0,0,0,0,1,0,0,0
920.6,1,0,0,0,0,0,1,1,0,0,1,0,10,0,0,0,0,0,0,0,11,0,0,0,0,0,0,0,1,0,0,0
939.3,1,0,0,0,0,0,1,0,0,1,0,0,22,0,0,0,0,0,0,0,14,0,0,0,0,0,0,0,1,0,0,0
812.4,1,0,0,0,1,0,1,0,0,0,1,0,17,0,0,0,0,0,0,0,14,0,0,0,0,0,1,0,0,0,0,1
735.66,0,1,0,0,1,0,1,1,0,1,0,0,7,0,0,0,0,0,0,0,11,0,0,0,0,0,0,1,0,0,0,1
982.3,1,0,0,0,0,1,0,0,0,1,0,0,10,0,0,0,0,0,0,0,12,0,0,0,0,0,0,0,1,0,0,0
1119.1,1,0,0,0,0,1,0,0,0,1,0,0,14,0,0,0,0,0,0,0,15,0,0,0,0,0,0,0,1,0,0,0
737.12,0,1,0,0,1,0,1,1,0,1,0,0,23,0,0,0,0,0,0,0,14,0,0,0,0,0,1,1,0,0,1,0
768.58,0,1,0,0,1,0,1,0,0,0,1,0,23,0,0,0,0,0,0,0,14,0,0,0,0,0,0,0,0,0,1,0
750.1,0,1,0,0,1,0,1,1,0,1,0,0,10,0,0,0,0,0,0,1,11,0,0,0,0,0,0,1,0,0,0,1
807.26,0,1,0,0,0,1,0,0,0,1,0,0,23,0,0,0,0,0,0,0,15,0,0,0,0,0,0,0,1,0,0,0
1011.1,1,0,0,0,0,1,0,0,0,1,0,0,21,0,1,0,0,0,0,0,14,0,0,0,0,0,0,0,1,0,0,0
805.6,0,1,0,0,0,1,0,0,0,1,0,0,10,0,0,0,0,0,0,0,12,0,0,0,0,0,0,0,0,0,1,0
741.0,1,0,0,0,1,0,1,1,0,1,0,0,22,0,0,0,0,0,0,0,15,0,0,0,0,0,0,0,0,0,1,0
782.4,0,1,0,0,0,0,1,0,0,1,0,0,10,0,0,0,0,0,0,0,10,0,0,0,0,0,0,0,1,0,0,0
758.98,0,1,0,0,0,0,1,1,0,1,0,0,22,0,0,0,0,0,0,0,14,0,0,0,0,0,0,0,1,0,0,0
1022.2,1,0,0,0,0,1,0,0,0,1,0,0,10,0,0,0,0,0,0,0,11,0,0,0,0,0,0,0,0,0,1,0
773.62,0,1,0,0,0,1,0,0,0,1,0,0,5,0,0,0,0,0,0,0,10,0,0,0,0,0,0,0,1,0,0,0
1078.0,1,0,0,0,0,1,0,0,0,0,1,0,10,0,0,0,0,0,0,0,11,0,0,0,0,0,0,0,0,0,1,0
977.1,1,0,0,0,0,1,0,0,0,0,1,0,10,0,0,0,0,0,0,0,11,0,0,0,0,0,1,0,0,0,1,0
1039.3,1,0,0,0,0,0,1,0,0,0,1,0,10,0,0,0,0,0,0,0,11,0,0,0,0,0,0,0,1,0,0,0
787.58,0,1,0,0,0,0,1,0,0,0,1,0,23,0,0,0,0,0,0,0,15,0,0,0,0,0,0,0,1,0,0,0
640.14,0,1,0,0,1,0,1,1,1,1,0,0,23,0,0,0,0,0,0,0,10,0,0,0,0,1,0,0,0,0,1,0
765.6,1,0,0,0,0,0,1,1,0,1,0,0,23,0,0,0,0,0,0,0,15,0,0,0,0,0,0,0,1,0,0,0
756.42,0,1,0,0,1,0,1,1,0,0,1,0,10,0,0,0,0,0,0,0,12,0,0,0,0,0,0,1,0,0,1,0
874.2,1,0,0,0,0,0,1,1,0,1,0,0,23,0,0,0,0,0,0,1,10,0,0,0,0,0,0,1,0,0,1,0
811.82,0,1,0,0,0,1,0,0,0,1,0,0,23,0,0,0,0,0,0,0,14,0,0,0,0,0,0,0,1,0,0,0
1006.1,1,0,0,0,0,1,0,0,0,0,1,0,10,0,0,0,0,0,0,0,11,0,0,0,0,0,0,0,1,0,0,0
968.0,1,0,0,0,1,0,1,0,0,0,1,0,10,0,0,0,0,0,0,0,10,0,0,0,0,0,0,0,0,0,1,0
748.44,0,1,0,0,1,0,1,1,0,1,0,0,23,0,0,0,0,0,0,1,15,0,0,1,0,0,0,1,0,0,1,0
1025.5,1,0,0,0,0,1,0,0,0,0,1,0,10,0,0,0,0,0,0,0,12,0,0,0,0,0,0,1,1,0,0,0
957.6,1,0,0,0,0,0,1,0,0,0,1,0,23,0,0,0,0,0,0,0,14,0,0,0,0,0,0,0,1,0,0,0
792.7,0,1,0,0,1,0,1,0,0,1,0,0,14,0,0,0,0,0,0,0,15,0,0,0,0,1,0,1,0,0,1,0
793.84,0,1,0,0,0,1,0,0,0,1,0,0,9,0,0,0,0,1,0,0,9,0,0,0,0,1,0,1,1,0,0,0
646.3,1,0,0,0,1,0,1,1,0,0,1,0,10,0,0,0,0,0,0,1,11,0,0,0,0,0,0,1,0,0,0,1
799.14,0,1,0,0,0,1,0,0,0,0,1,0,10,0,0,0,0,0,0,0,11,0,0,0,0,0,0,0,1,0,0,0
1096.05,1,0,0,0,0,1,0,0,0,0,1,0,9,0,0,0,0,0,0,0,11,0,0,0,0,0,0,0,1,0,0,0
782.1,0,1,0,0,0,1,0,0,0,0,1,0,21,0,0,0,0,0,0,0,11,0,0,0,0,1,0,0,0,0,1,0
795.26,0,1,0,0,0,1,0,0,0,1,0,0,10,0,0,0,0,0,0,0,11,0,0,1,0,0,1,0,1,0,0,0
784.16,0,1,0,0,0,1,0,0,0,1,0,0,10,0,0,0,0,0,0,0,11,0,0,0,0,0,0,0,1,0,0,0
870.1,1,0,0,0,0,0,1,1,0,0,1,0,10,0,0,1,0,0,0,1,11,0,0,0,0,0,0,1,1,0,0,0
774.5,0,1,0,0,0,0,1,1,0,0,1,0,23,0,0,0,0,0,0,1,14,0,0,0,0,0,0,1,1,0,0,0
749.42,0,1,0,0,1,0,1,0,0,0,1,0,10,0,0,0,0,0,0,0,10,0,0,0,0,0,0,0,0,0,1,0
753.4,0,1,0,0,1,0,1,0,0,0,1,0,20,0,0,0,0,0,0,0,8,0,0,0,0,0,1,0,0,0,0,1
795.32,0,1,0,0,0,1,0,0,0,0,1,0,10,0,0,0,0,0,0,0,12,0,0,0,0,0,0,0,1,0,0,0
784.2,0,1,0,0,0,1,0,0,0,0,1,0,10,0,0,0,0,0,0,0,11,0,0,0,0,0,0,0,0,0,1,0
804.28,0,1,0,0,0,1,0,0,0,1,0,0,23,0,0,0,0,0,0,0,15,0,0,0,0,0,0,0,1,0,0,0
795.52,0,1,0,0,0,1,0,0,0,0,1,0,10,0,0,0,0,0,0,0,11,0,0,0,0,0,1,0,1,0,0,0
796.56,0,1,0,0,0,1,0,0,0,1,0,0,23,0,0,0,0,0,0,0,1,0,0,13,0,0,0,0,0,0,1,0
993.9,1,0,0,0,0,1,0,0,0,1,0,0,22,0,0,0,0,0,0,0,15,0,0,0,0,0,0,0,0,0,1,0
766.38,0,1,0,0,0,0,1,0,0,1,0,0,23,2,0,0,0,0,0,0,13,0,1,0,0,0,0,0,1,0,0,0
771.46,0,1,0,0,0,1,0,0,0,0,1,0,9,0,0,0,0,0,0,0,10,0,0,0,0,0,0,0,1,0,0,0
725.48,0,1,0,0,1,0,1,1,0,1,0,0,10,0,0,0,0,0,0,0,11,0,0,0,0,0,0,1,0,0,1,0
972.6,1,0,0,0,0,0,1,1,0,0,1,0,23,0,0,0,0,0,0,0,15,0,0,0,0,0,0,0,1,0,0,0
809.6,1,0,0,0,1,0,1,1,0,1,0,0,20,2,0,0,0,0,0,0,11,0,0,0,0,0,0,0,0,0,1,0
744.82,0,1,0,0,1,0,1,1,0,0,1,0,10,0,0,0,0,0,0,0,12,0,0,0,0,1,0,1,0,0,1,0
795.96,0,1,0,0,0,1,0,0,0,1,0,0,23,0,0,0,0,0,0,0,14,0,0,0,0,0,1,0,0,0,1,0
730.82,0,1,0,0,1,0,1,1,0,0,1,0,27,0,0,0,0,0,0,0,12,0,0,0,0,0,0,0,0,0,1,0
765.32,0,1,0,0,1,0,1,0,0,1,0,0,4,1,0,0,0,0,0,0,7,0,0,0,0,1,0,0,0,0,1,0
1065.2,1,0,0,0,0,1,0,0,0,0,1,0,23,0,0,0,0,0,0,0,15,0,0,1,0,0,0,0,1,0,0,0
1026.2,1,0,0,0,0,1,0,0,0,1,0,0,22,0,0,0,0,0,0,0,15,0,0,0,0,0,0,0,1,0,0,0
754.96,0,1,0,0,0,0,1,1,0,0,1,0,10,0,0,0,0,0,0,0,10,0,0,0,0,0,0,0,1,0,0,0
1047.25,1,0,0,0,0,0,1,1,0,1,0,0,10,0,0,0,0,0,0,0,11,0,0,0,0,0,1,0,0,0,1,0
801.96,0,1,0,0,0,1,0,0,0,0,1,0,10,0,0,0,0,0,0,0,11,0,0,0,0,0,0,0,1,0,0,0
1070.7,1,0,0,0,1,0,1,0,0,0,1,0,10,0,0,0,0,0,0,0,11,0,0,0,0,0,0,0,0,0,1,0
623.0,1,0,0,0,1,0,1,1,0,0,1,0,14,0,0,0,0,0,0,0,14,0,0,0,0,0,0,0,0,0,1,0
905.3,1,0,0,0,0,0,1,1,0,1,0,0,10,0,0,0,0,0,0,0,12,0,0,0,0,0,0,0,1,0,0,0
802.26,0,1,0,0,0,1,0,0,0,1,0,0,8,0,0,0,0,1,0,0,9,0,0,0,0,1,0,0,1,0,0,0
818.0,1,0,0,0,1,0,1,0,0,1,0,0,10,0,0,0,0,0,0,0,11,0,0,0,0,0,0,0,0,0,1,0
791.52,0,1,0,0,0,0,1,0,0,1,0,0,8,0,0,0,0,0,0,0,11,0,0,0,0,0,0,0,0,0,1,0
743.96,0,1,0,0,1,0,1,1,0,1,0,0,20,2,0,0,0,0,0,1,14,0,0,0,0,0,0,1,0,0,1,0
802.86,0,1,0,0,0,1,0,0,0,1,0,0,15,0,0,0,0,0,0,0,8,0,0,0,0,0,0,0,1,0,0,0
643.25,1,0,0,0,1,0,1,1,0,1,0,0,9,0,0,1,0,0,0,0,11,0,0,0,0,0,0,0,0,0,0,1
1174.3,1,0,0,0,0,0,1,0,0,0,1,0,23,0,0,0,0,0,0,0,15,0,0,0,0,0,0,0,1,0,0,0
927.4,1,0,0,0,0,0,1,1,0,1,0,0,10,0,0,0,0,0,0,0,10,0,0,2,0,0,0,1,1,0,0,0
1007.65,1,0,0,0,0,1,0,0,0,1,0,0,23,0,0,0,0,0,0,0,14,0,0,0,0,0,0,0,1,0,0,0
910.95,1,0,0,0,1,0,1,1,0,0,1,0,10,0,0,0,0,0,0,1,13,0,0,0,0,0,0,1,0,0,1,0
768.54,0,1,0,0,1,0,1,0,0,0,1,0,23,0,0,0,0,0,0,0,14,0,0,0,0,0,0,0,0,0,1,0
985.4,1,0,0,0,0,1,0,0,0,0,1,0,11,0,0,0,0,0,0,0,11,0,0,1,0,0,1,0,1,0,0,0
791.82,0,1,0,0,0,1,0,0,0,1,0,0,12,0,0,0,0,0,0,0,12,0,0,0,0,0,0,0,1,0,0,0
759.46,0,1,0,0,1,0,1,0,0,1,0,0,22,0,0,0,0,0,0,0,12,0,0,0,0,0,0,0,0,0,1,0
757.52,0,1,0,0,1,0,1,0,0,0,1,0,23,0,0,0,0,0,0,0,14,0,0,0,0,1,0,0,0,0,1,0
660.2,1,0,0,0,1,0,1,1,0,1,0,0,23,0,0,0,0,0,0,0,15,0,0,0,0,0,0,0,0,0,1,0
1010.8,1,0,0,0,0,1,0,0,0,1,0,0,10,0,0,0,0,0,0,0,12,0,0,0,0,0,0,0,1,0,0,0
801.7,0,1,0,0,0,1,0,0,0,1,0,0,23,0,0,0,0,0,0,0,15,0,0,1,0,0,0,0,1,0,0,0
1020.8,1,0,0,0,0,1,0,0,0,0,1,0,23,0,0,0,0,0,0,0,14,0,0,0,0,0,0,0,1,0,0,0
799.78,0,1,0,0,0,1,0,0,0,1,0,0,25,0,0,0,0,0,0,0,14,0,0,0,0,0,0,0,1,0,0,0
967.7,1,0,0,0,0,1,0,0,0,0,1,0,14,0,0,0,0,0,0,0,11,0,0,0,0,0,1,0,1,0,0,0
765.88,0,1,0,0,0,0,1,1,0,0,1,0,23,0,0,0,0,0,0,0,15,0,0,0,0,0,0,0,1,0,0,0
803.1,1,0,0,0,1,0,1,1,0,1,0,0,10,0,0,0,0,0,0,0,10,1,0,0,0,0,0,0,0,0,0,1
771.12,0,1,0,0,1,0,1,0,0,1,0,0,23,0,0,0,0,0,0,0,14,0,0,0,0,0,0,0,0,0,1,0
781.8,0,1,0,0,0,0,1,1,0,0,1,0,23,0,0,0,0,0,0,0,16,0,0,0,0,0,0,0,0,0,1,0
1168.4,1,0,0,0,0,1,0,0,0,0,1,0,10,0,0,0,0,0,0,0,12,0,0,0,0,0,1,0,1,0,0,0
1042.7,1,0,0,0,0,1,0,0,0,1,0,0,10,0,0,0,0,0,0,0,10,0,0,0,0,0,1,0,0,0,1,0
788.56,0,1,0,0,0,1,0,0,0,0,1,0,14,0,0,0,0,0,0,0,13,0,0,0,0,0,0,0,1,0,0,0
1029.2,1,0,0,0,0,1,0,0,0,0,1,0,22,0,0,0,0,0,0,0,14,0,0,0,0,0,0,0,0,1,0,0
789.0,0,1,0,0,0,1,0,0,0,1,0,0,10,0,0,0,0,0,0,0,12,0,0,0,0,0,0,0,0,0,1,0
1050.0,1,0,0,0,0,0,1,1,0,1,0,0,9,0,0,0,0,0,0,0,11,0,0,0,0,0,0,0,1,0,0,0
750.54,0,1,0,0,0,0,1,0,0,0,1,0,10,0,0,0,0,0,0,0,11,0,0,0,0,0,0,0,1,0,0,0
778.9,1,0,0,0,1,0,1,1,0,0,1,0,9,1,0,0,0,0,0,0,10,1,0,0,0,0,0,0,0,0,0,1
773.36,0,1,0,0,0,0,1,1,0,1,0,0,22,1,0,0,0,0,0,0,14,0,0,0,0,0,0,0,1,0,0,0
765.56,0,1,0,0,1,0,1,0,0,0,1,0,10,0,0,0,0,0,0,0,11,0,0,0,0,0,0,0,0,0,1,0
1006.7,1,0,0,0,0,1,0,0,0,1,0,0,22,0,0,0,0,0,0,0,15,0,0,0,0,0,1,0,1,0,0,0
756.14,0,1,0,0,0,0,1,1,0,0,1,0,23,0,0,0,0,0,0,0,12,0,0,0,0,0,0,0,0,0,1,0
798.9,0,1,0,0,0,1,0,0,0,0,1,0,23,0,0,0,0,0,0,0,14,0,0,0,0,0,1,0,1,0,0,0
803.6,0,1,0,0,0,1,0,0,0,1,0,0,10,0,0,0,0,0,0,0,12,0,0,0,0,0,0,0,0,0,1,0
776.0,0,1,0,0,0,0,1,0,0,0,1,0,17,0,0,0,0,0,0,0,14,0,0,0,0,0,0,0,1,0,0,0
783.56,0,1,0,0,0,1,0,0,0,0,1,0,10,0,0,0,0,0,0,0,10,0,0,0,0,0,0,0,1,0,0,0
781.52,0,1,0,0,0,0,1,1,0,1,0,0,23,0,0,0,0,0,0,0,14,0,0,0,0,0,0,0,1,0,0,0
753.74,0,1,0,0,1,0,1,0,0,1,0,0,23,0,0,0,0,0,0,0,15,0,0,0,0,0,0,0,0,0,0,1
1041.35,1,0,0,0,0,1,0,0,0,0,1,0,10,0,0,0,0,0,0,0,12,0,0,0,0,0,0,0,1,0,0,0
760.42,0,1,0,0,0,0,1,0,0,0,1,0,10,0,0,0,0,0,0,0,12,0,0,0,0,0,0,0,1,0,0,0
782.86,0,1,0,0,0,1,0,0,0,1,0,0,10,0,0,0,0,0,0,0,10,0,0,0,0,0,0,0,1,0,0,0
798.48,0,1,0,0,0,1,0,0,0,1,0,0,15,0,0,0,0,0,0,0,8,0,0,0,0,0,0,0,1,0,0,0
895.2,1,0,0,0,1,0,1,1,0,0,1,0,10,0,0,0,0,0,0,0,11,0,0,0,0,0,0,0,0,0,1,0
938.55,1,0,0,0,0,1,0,0,0,1,0,0,7,0,0,0,0,0,0,0,10,0,0,0,0,0,0,0,0,0,0,1
760.88,0,1,0,0,0,0,1,1,0,0,1,0,10,0,0,0,0,0,0,0,11,0,0,0,0,0,0,0,1,0,0,0
716.2,1,0,0,0,1,0,1,1,0,0,1,0,7,3,0,0,0,0,1,1,8,2,0,0,0,0,1,1,0,1,0,0
1003.3,1,0,0,0,0,1,0,0,0,0,1,0,22,0,0,0,0,0,0,0,15,0,0,0,0,0,0,0,1,0,0,0
1032.1,1,0,0,0,0,1,0,0,0,1,0,0,10,0,0,0,0,0,0,0,10,0,0,0,0,0,0,0,1,0,0,0
987.6,1,0,0,0,0,1,0,0,0,0,1,0,10,0,0,0,0,0,0,0,12,0,0,0,0,0,1,0,1,0,0,0
744.36,0,1,0,0,1,0,1,1,0,1,0,0,23,0,0,0,0,0,0,0,14,0,0,0,0,0,0,0,0,0,1,0
747.9,0,1,0,0,1,0,1,1,0,0,1,0,10,0,0,0,0,0,0,0,11,0,0,0,0,1,0,0,0,0,1,0
964.7,1,0,0,0,0,0,1,0,0,0,1,0,10,0,0,0,0,0,0,0,11,0,0,1,0,1,0,1,1,0,0,0
783.62,0,1,0,0,0,1,0,0,0,1,0,0,10,0,0,0,0,0,0,0,10,0,0,0,0,0,0,0,1,0,0,0
796.5,0,1,0,0,0,1,0,0,0,1,0,0,23,0,0,0,0,0,0,0,15,0,0,0,0,1,0,0,1,0,0,0
788.1,0,1,0,0,0,1,0,0,0,1,0,0,23,0,0,0,0,0,0,0,14,0,0,0,0,0,0,0,1,0,0,0
767.48,0,1,0,0,1,0,1,0,0,1,0,0,14,0,0,0,0,0,0,0,13,0,0,0,0,0,0,0,0,0,1,0
1028.1,1,0,0,0,0,0,1,0,0,0,1,0,23,0,0,0,0,0,0,0,15,0,0,0,0,0,0,0,1,0,0,0
794.14,0,1,0,0,0,1,0,0,0,0,1,0,23,0,0,0,0,0,0,0,10,0,0,0,0,0,1,0,1,0,0,0
795.62,0,1,0,0,0,1,0,0,0,1,0,0,14,0,0,0,0,0,0,0,14,0,0,0,0,0,0,0,1,0,0,0
739.04,0,1,0,0,1,0,1,1,0,0,1,0,22,0,0,0,0,0,0,0,15,0,0,0,0,0,0,1,0,0,1,0
1001.2,1,0,0,0,0,1,0,0,0,1,0,0,22,0,0,0,0,0,0,0,15,0,0,0,0,0,1,1,0,0,1,0
887.6,1,0,0,0,1,0,1,1,0,0,1,0,10,0,0,0,0,0,0,0,12,0,0,0,0,0,0,1,0,0,0,1
1165.6,1,0,0,0,0,1,0,0,0,1,0,0,23,0,0,0,0,0,0,0,14,0,0,0,0,0,0,0,1,0,0,0
795.96,0,1,0,0,0,1,0,0,0,0,1,0,13,0,0,0,0,0,0,0,15,0,0,0,0,0,0,0,1,0,0,0
741.74,0,1,0,0,1,0,1,1,0,0,1,0,14,0,0,0,0,0,0,0,14,0,0,0,0,0,0,0,0,0,1,0
805.88,0,1,0,0,0,1,0,0,0,0,1,0,23,0,0,0,0,0,1,0,15,0,0,0,0,0,1,0,1,0,0,0
792.66,0,1,0,0,0,1,0,0,0,1,0,0,14,0,0,0,0,0,0,0,14,0,0,0,0,0,0,0,1,0,0,0
794.18,0,1,0,0,0,1,0,0,0,0,1,0,23,0,0,0,0,0,0,0,11,0,0,0,0,0,0,0,1,0,0,0
832.1,1,0,0,0,1,0,1,1,0,0,1,0,10,0,0,0,0,0,0,1,10,0,0,0,0,0,0,1,0,0,1,0
397.5,1,0,0,0,0,0,1,1,1,1,0,0,15,0,1,0,0,0,0,1,10,1,0,0,0,0,0,1,1,0,0,0
757.9,0,1,0,0,0,0,1,0,0,0,1,0,8,0,0,0,0,0,0,0,9,0,0,0,0,0,1,0,1,0,0,0
757.1,0,1,0,0,1,0,1,1,0,0,1,0,10,0,0,0,0,0,0,0,10,0,0,0,0,0,0,0,0,0,1,0
863.9,1,0,0,0,0,1,0,0,0,0,1,0,8,0,0,0,0,0,0,0,6,0,0,0,0,0,0,0,1,0,0,0
800.92,0,1,0,0,0,1,0,0,0,0,1,0,23,0,0,0,0,0,0,0,14,0,0,0,0,0,1,0,1,0,0,0
961.4,1,0,0,0,0,0,1,0,0,1,0,0,10,0,0,0,0,0,0,0,10,0,0,0,0,0,0,0,1,0,0,0
1089.3,1,0,0,0,0,1,0,0,0,0,1,0,10,0,0,0,0,0,0,0,11,0,0,0,0,0,0,0,1,0,0,0
933.35,1,0,0,0,0,0,1,1,0,0,1,0,11,0,0,0,0,0,0,1,12,0,0,0,0,0,0,1,1,0,0,0
1022.3,1,0,0,0,0,1,0,0,0,0,1,0,10,0,0,0,0,0,0,0,11,0,0,0,0,0,0,0,1,0,0,0
796.22,0,1,0,0,0,1,0,0,0,1,0,0,23,0,0,0,0,0,0,0,14,0,0,0,0,0,0,0,0,0,1,0
804.4,1,0,0,0,1,0,1,1,0,0,1,0,10,0,0,0,0,0,0,0,12,0,0,0,0,0,0,0,0,0,0,1
1081.1,1,0,0,0,0,1,0,0,0,0,1,0,10,0,0,0,0,0,0,0,12,0,0,0,0,0,0,0,1,0,0,0
1048.4,1,0,0,0,0,1,0,0,0,0,1,0,10,0,0,0,0,0,0,0,10,0,0,0,0,0,0,0,1,0,0,0
791.14,0,1,0,0,0,0,1,0,0,1,0,0,23,0,0,0,0,0,0,0,14,0,0,0,0,0,0,0,1,0,0,0
792.86,0,1,0,0,0,1,0,0,0,0,1,0,10,0,0,0,0,0,0,0,4,0,0,10,0,0,0,0,1,0,0,0
772.32,0,1,0,0,0,1,0,0,0,1,0,0,10,0,0,0,0,0,0,0,12,0,0,0,0,0,0,0,1,0,0,0
787.76,0,1,0,0,0,1,0,0,0,0,1,0,21,0,0,0,0,0,0,0,15,0,0,0,0,0,1,0,1,0,0,0
742.74,0,1,0,0,0,0,1,1,0,0,1,0,23,0,0,0,0,0,0,0,14,0,0,0,0,0,0,1,1,0,0,0
808.78,0,1,0,0,0,1,0,0,0,1,0,0,23,0,0,0,0,0,0,0,15,0,0,0,0,0,0,0,1,0,0,0
808.7,0,1,0,0,0,1,0,0,0,1,0,0,23,0,0,0,0,0,0,0,15,0,0,1,0,0,1,0,1,0,0,0
975.95,1,0,0,0,0,1,0,0,0,0,1,0,23,0,0,0,0,0,0,0,10,0,0,0,0,0,0,0,1,0,0,0
1011.2,1,0,0,0,0,0,1,1,0,0,1,0,11,0,0,0,0,0,0,1,12,0,0,0,0,0,0,1,1,0,0,0
1030.9,1,0,0,0,0,1,0,0,0,0,1,0,14,0,0,0,0,0,0,0,15,0,0,0,0,0,0,0,1,0,0,0
958.6,1,0,0,0,0,0,1,1,0,0,1,0,9,0,0,0,0,0,1,0,11,0,0,1,0,0,1,0,1,0,0,0
813.24,0,1,0,0,0,1,0,0,0,1,0,0,23,0,0,0,0,0,0,0,14,0,0,0,0,0,0,0,0,1,0,0
753.42,0,1,0,0,1,0,1,1,0,1,0,0,23,0,0,0,0,0,0,0,16,0,0,0,0,0,0,1,0,0,1,0
834.2,1,0,0,0,1,0,1,0,0,1,0,0,22,0,0,0,0,0,0,0,15,0,0,0,0,0,0,0,0,0,1,0
784.08,0,1,0,0,0,1,0,0,0,0,1,0,14,0,0,0,0,0,0,0,11,0,0,0,0,0,0,0,1,0,0,0
1051.7,1,0,0,0,0,1,0,0,0,1,0,0,23,0,0,0,0,0,0,0,14,0,0,0,0,0,0,0,1,0,0,0
800.74,0,1,0,0,0,1,0,0,0,0,1,0,10,0,0,0,0,0,0,0,11,0,0,0,0,0,0,0,1,0,0,0
737.2,0,1,0,0,1,0,1,1,0,0,1,0,13,0,0,0,0,0,0,0,13,3,0,0,0,0,0,1,0,0,1,0
1069.05,1,0,0,0,0,1,0,0,0,1,0,0,9,0,0,0,0,0,0,0,12,0,0,0,0,0,0,0,1,0,0,0
759.2,1,0,0,0,1,0,1,0,0,0,1,0,23,0,0,0,0,0,0,0,14,0,0,0,0,0,0,0,0,0,1,0
777.72,0,1,0,0,0,0,1,0,0,0,1,0,13,0,0,0,0,0,0,0,15,0,0,0,0,0,0,0,0,0,1,0
1042.5,1,0,0,0,0,0,1,0,0,1,0,0,14,0,0,0,0,0,0,0,14,0,0,0,0,0,0,0,1,0,0,0
786.76,0,1,0,0,0,0,1,0,0,1,0,0,23,0,0,0,0,0,0,0,14,0,0,0,0,0,0,0,1,0,0,0
1119.1,1,0,0,0,0,1,0,0,0,1,0,0,14,0,0,0,0,0,0,0,13,0,0,0,0,0,0,0,1,0,0,0
742.96,0,1,0,0,1,0,1,1,0,1,0,0,23,0,0,0,0,0,0,0,14,0,0,0,0,0,1,0,0,0,1,0
1041.9,1,0,0,0,0,1,0,0,0,0,1,0,23,0,0,0,0,0,0,0,15,0,0,0,0,0,0,0,1,0,0,0
809.8,0,1,0,0,0,1,0,0,0,0,1,0,14,0,0,0,0,0,0,0,14,0,0,0,0,0,0,0,1,0,0,0
980.8,1,0,0,0,0,1,0,0,0,0,1,0,10,0,0,0,0,0,0,0,11,0,0,1,0,0,0,0,0,0,1,0
786.32,0,1,0,0,1,0,1,1,0,0,1,0,10,0,0,0,0,0,0,0,11,0,0,0,0,0,0,1,0,0,1,0
906.2,1,0,0,0,1,0,1,1,0,1,0,0,23,0,0,0,0,0,0,1,14,0,0,0,0,0,0,1,0,0,1,0
730.36,0,1,0,0,1,0,1,1,0,1,0,0,4,0,0,0,0,0,0,0,11,0,0,0,0,0,0,1,0,0,1,0
792.36,0,1,0,0,0,1,0,0,0,1,0,0,10,0,0,0,0,0,0,0,10,0,0,0,0,0,0,0,0,0,1,0
738.46,0,1,0,0,0,0,1,1,0,1,0,0,23,0,0,0,0,0,0,0,14,0,0,0,0,0,0,0,1,0,0,0
1124.9,1,0,0,0,0,1,0,0,0,1,0,0,9,0,0,0,0,0,0,0,11,0,0,0,0,0,0,0,1,0,0,0
755.12,0,1,0,0,0,0,1,1,0,0,1,0,10,0,0,0,0,0,0,0,12,0,0,0,0,0,0,0,1,0,0,0
1037.8,1,0,0,0,0,1,0,0,0,1,0,0,10,0,0,0,0,0,0,0,12,0,0,0,0,0,0,0,1,0,0,0
783.52,0,1,0,0,0,1,0,0,0,0,1,0,10,0,0,0,0,0,0,0,10,0,0,0,0,0,0,0,1,0,0,0
664.05,1,0,0,0,1,0,1,1,0,1,0,0,23,0,0,0,0,0,0,0,10,0,0,0,0,0,0,0,0,0,1,0
1122.7,1,0,0,0,0,1,0,0,0,0,1,0,10,0,0,0,0,0,0,0,13,0,0,0,0,0,0,0,1,0,0,0
782.26,0,1,0,0,0,0,1,0,0,1,0,0,10,0,0,0,0,0,0,0,11,0,0,0,0,0,0,0,1,0,0,0
1036.9,1,0,0,0,0,1,0,0,0,0,1,0,23,0,0,0,0,0,0,0,14,0,0,0,0,0,0,0,1,0,0,0
972.8,1,0,0,0,0,0,1,0,0,0,1,0,10,0,0,0,0,0,0,0,10,0,0,0,0,0,0,0,1,0,0,0
947.6,1,0,0,0,0,0,1,1,0,0,1,0,23,0,0,0,0,0,0,0,15,0,0,0,0,0,0,0,1,0,0,0
1024.5,1,0,0,0,0,1,0,0,0,0,1,0,10,0,0,0,0,0,0,0,12,0,0,0,0,0,0,0,1,0,0,0
786.2,0,1,0,0,0,1,0,0,0,1,0,0,10,0,0,0,0,0,0,0,11,0,0,0,0,1,0,0,0,0,1,0
1028.3,1,0,0,0,0,0,1,0,0,1,0,0,23,0,0,0,0,0,0,0,14,0,0,0,0,0,0,0,1,0,0,0
1018.6,1,0,0,0,0,1,0,0,0,1,0,0,5,0,0,0,0,0,0,0,10,0,0,0,0,0,0,0,1,0,0,0
1059.6,1,0,0,0,0,1,0,0,0,0,1,0,10,0,0,0,0,0,0,0,12,0,0,0,0,0,0,0,1,0,0,0
791.86,0,1,0,0,0,1,0,0,0,0,1,0,23,0,0,0,0,0,0,0,15,0,0,0,0,0,0,0,1,0,0,0
749.96,0,1,0,0,1,0,1,0,0,1,0,0,10,0,0,0,0,0,0,0,10,0,0,0,0,1,0,0,0,0,1,0
797.92,0,1,0,0,0,1,0,0,0,0,1,0,31,0,0,0,0,0,0,0,10,0,0,0,0,0,0,0,1,0,0,0
897.9,1,0,0,0,1,0,1,0,0,1,0,0,21,2,0,0,0,0,0,0,14,0,0,0,0,0,0,0,0,0,1,0
764.4,0,1,0,0,1,0,1,0,0,1,0,0,23,0,0,0,0,0,0,0,14,0,0,0,0,0,0,0,0,0,1,0
717.55,1,0,0,0,1,0,1,1,0,1,0,0,23,0,0,0,0,1,0,1,11,0,0,0,0,1,0,1,0,0,1,0
784.72,0,1,0,0,0,0,1,0,0,1,0,0,23,0,0,0,0,0,0,0,15,0,0,0,0,0,0,0,1,0,0,0
917.65,1,0,0,0,0,1,0,0,0,0,1,0,10,0,0,0,0,0,0,0,11,0,0,2,0,0,1,1,1,0,0,0
1090.0,1,0,0,0,0,1,0,0,0,0,1,0,23,0,0,0,0,0,0,0,15,0,0,0,0,0,0,0,1,0,0,0
1071.1,1,0,0,0,0,1,0,0,0,1,0,0,10,0,0,0,0,0,0,0,12,0,0,0,0,0,0,0,1,0,0,0
795.94,0,1,0,0,0,1,0,0,0,0,1,0,10,0,0,0,0,0,0,0,12,0,0,0,0,0,0,0,1,0,0,0
990.5,1,0,0,0,0,1,0,0,0,0,1,0,14,0,0,0,0,0,0,0,14,0,0,0,0,0,0,0,1,0,0,0
746.36,0,1,0,0,0,0,1,1,0,0,1,0,22,0,0,0,0,0,0,0,13,2,0,0,0,0,0,1,0,0,1,0
791.12,0,1,0,0,0,1,0,0,0,0,1,0,10,0,0,0,0,0,0,0,10,0,0,0,0,0,0,0,1,0,0,0
1034.9,1,0,0,0,0,1,0,0,0,0,1,0,23,0,0,0,0,0,0,0,14,0,0,0,0,0,0,0,1,0,0,0
822.1,0,1,0,0,0,1,0,0,0,1,0,0,10,0,0,0,0,0,0,0,10,0,0,0,0,0,0,0,0,0,1,0
776.9,1,0,0,0,1,0,1,1,0,1,0,0,23,0,0,0,0,0,0,0,14,0,0,0,0,0,0,0,0,0,0,1
749.82,0,1,0,0,1,0,1,0,0,0,1,0,10,0,0,0,0,0,0,0,11,0,0,1,0,0,1,0,0,0,1,0
751.08,0,1,0,0,1,0,1,0,0,1,0,0,14,0,0,0,0,0,0,0,15,0,0,0,0,0,0,0,0,0,1,0
1080.5,1,0,0,0,0,1,0,0,0,1,0,0,23,0,0,0,0,0,0,0,14,0,0,0,0,0,0,0,1,0,0,0
1027.25,1,0,0,0,0,1,0,0,0,1,0,0,23,0,0,0,0,0,0,0,16,0,0,0,0,0,0,0,1,0,0,0
777.7,1,0,0,0,1,0,1,1,0,1,0,0,10,0,0,0,0,0,0,0,11,0,0,0,0,0,0,0,0,0,1,0
735.9,1,0,0,0,0,0,1,1,0,0,1,0,22,0,0,0,0,0,0,0,14,0,0,0,0,0,1,1,1,0,0,0
736.8,1,0,0,0,0,0,1,1,0,1,0,0,10,0,0,0,0,0,0,0,9,3,0,1,0,0,0,0,1,0,0,0
1002.1,1,0,0,0,0,1,0,0,0,0,1,0,10,0,0,0,0,0,0,0,10,0,0,0,0,0,1,0,1,0,0,0
