nota_ingresso,tipo_ingresso_pism,tipo_ingresso_sisu,tipo_ingresso_vestibular,tipo_ingresso_outros,cota_racial,cota_ampla_concorrencia,cota_escola_publica,cota_renda,cota_pcd,genero_masculino,genero_feminino,genero_outros,periodo_1_disciplinas_aprovadas,periodo_1_disciplinas_reprovadas,periodo_1_disciplinas_ri,periodo_1_disciplinas_trancadas,periodo_1_disciplinas_outros_status,periodo_1_bolsa_remunerada,periodo_1_bolsa_n_remunerada,periodo_1_ae,periodo_2_disciplinas_aprovadas,periodo_2_disciplinas_reprovadas,periodo_2_disciplinas_ri,periodo_2_disciplinas_trancadas,periodo_2_disciplinas_outros_status,periodo_2_bolsa_remunerada,periodo_2_bolsa_n_remunerada,periodo_2_ae,etnia_branca,etnia_outra,etnia_parda,etnia_preta
1014.5,1,0,0,0,0,1,0,0,0,0,1,0,7,0,0,0,0,0,0,0,7,0,0,0,0,0,0,0,1,0,0,0
717.22,0,1,0,0,0,0,1,1,0,0,1,0,8,0,0,0,0,0,0,1,8,0,0,0,0,0,0,1,1,0,0,0
634.9,0,1,0,0,1,0,1,0,0,0,1,0,8,0,0,0,0,0,0,0,6,1,0,0,0,0,0,0,0,0,1,0
778.4,1,0,0,0,1,0,1,1,0,0,1,0,6,0,0,0,0,0,0,1,6,0,0,1,0,1,0,1,0,0,1,0
758.02,0,1,0,0,0,1,0,0,0,0,1,0,5,0,1,0,0,0,0,0,5,1,0,0,0,0,0,0,1,0,0,0
940.25,1,0,0,0,0,1,0,0,0,0,1,0,6,0,0,0,0,0,0,0,6,0,0,0,0,0,0,0,1,0,0,0
746.94,0,1,0,0,0,1,0,0,0,0,1,0,8,0,0,0,0,0,0,0,0,0,0,1,0,0,0,0,1,0,0,0
761.08,0,1,0,0,0,1,0,0,0,0,1,0,6,0,0,0,0,0,0,0,6,1,0,0,0,0,0,0,1,0,0,0
365.65,1,0,0,0,1,0,1,1,0,0,1,0,4,2,0,0,0,0,0,0,5,0,0,1,0,0,0,0,0,0,0,1
740.55,1,0,0,0,0,0,1,1,0,0,1,0,6,0,0,0,0,0,0,0,7,0,0,0,0,0,0,0,1,0,0,0
540.6,1,0,0,0,1,0,1,0,0,0,1,0,4,1,1,0,0,0,0,0,3,0,1,3,0,0,0,0,0,0,1,0
620.45,1,0,0,0,1,0,1,1,0,0,1,0,4,0,0,1,0,0,0,0,6,0,0,0,0,0,0,0,0,0,1,0
699.8,0,1,0,0,1,0,1,0,0,0,1,0,11,0,0,0,0,0,0,0,4,1,1,1,0,0,0,0,0,0,0,1
801.1,1,0,0,0,0,0,1,1,0,1,0,0,6,0,0,0,0,0,0,0,6,0,0,0,0,0,0,0,1,0,0,0
802.9,1,0,0,0,0,1,0,0,0,0,1,0,5,2,0,0,0,0,0,0,5,1,1,0,0,0,0,0,1,0,0,0
617.6,0,1,0,0,0,0,1,0,0,1,0,0,2,3,1,0,0,0,0,0,3,0,2,1,0,0,0,0,1,0,0,0
639.56,0,1,0,0,0,0,1,1,1,0,1,0,6,0,0,0,0,0,0,0,5,0,1,0,0,0,0,0,1,0,0,0
594.76,0,1,0,0,0,1,0,0,0,0,1,0,5,0,0,0,0,0,0,0,4,0,0,2,0,0,0,0,1,0,0,0
771.96,0,1,0,0,0,1,0,0,0,0,1,0,9,0,0,0,0,0,0,0,1,0,0,0,0,0,0,0,1,0,0,0
675.08,0,1,0,0,0,1,0,0,0,1,0,0,6,0,0,0,0,0,0,0,7,0,0,0,0,0,0,0,0,0,1,0
588.18,0,1,0,0,0,0,1,1,0,0,1,0,6,0,0,0,0,0,0,0,4,1,0,1,0,0,0,0,1,0,0,0
931.75,1,0,0,0,0,1,0,0,0,0,1,0,6,0,0,0,0,0,0,0,3,0,0,4,0,0,0,0,1,0,0,0
736.94,0,1,0,0,0,1,0,0,0,1,0,0,16,0,0,0,0,0,0,0,7,0,0,1,0,1,0,0,1,0,0,0
599.6,1,0,0,0,1,0,1,0,0,0,1,0,4,0,0,0,0,0,0,0,5,0,0,0,0,0,0,0,0,0,1,0
666.86,0,1,0,0,1,0,1,0,0,0,1,0,10,2,4,0,0,0,0,0,3,0,0,0,0,0,0,0,0,0,1,0
554.65,1,0,0,0,0,0,1,1,0,0,1,0,6,0,0,0,0,0,0,1,7,0,0,0,0,0,0,1,1,0,0,0
733.6,0,1,0,0,0,1,0,0,0,0,1,0,6,0,0,0,0,0,0,0,8,0,0,0,0,0,0,0,1,0,0,0
562.7,1,0,0,0,1,0,1,1,0,0,1,0,8,0,0,0,0,0,0,0,8,0,0,0,0,0,0,0,0,0,1,0
715.82,0,1,0,0,1,0,1,0,0,0,1,0,6,2,0,0,0,0,0,0,7,0,0,0,0,0,0,0,0,0,1,0
759.26,0,1,0,0,0,1,0,0,0,1,0,0,11,0,0,1,0,0,0,0,6,0,0,0,0,0,0,0,1,0,0,0
572.1,1,0,0,0,0,1,0,0,0,1,0,0,5,1,0,0,0,0,0,0,6,1,0,0,0,0,0,0,1,0,0,0
709.64,0,1,0,0,0,0,1,0,0,1,0,0,6,0,0,0,0,0,0,0,7,0,0,0,0,0,0,0,1,0,0,0
512.8,1,0,0,0,1,0,1,0,0,1,0,0,6,0,0,0,0,0,0,0,6,0,0,0,0,0,0,0,0,0,1,0
655.54,0,1,0,0,1,0,1,0,0,1,0,0,6,0,0,0,0,0,0,0,6,0,0,1,0,0,0,0,0,0,1,0
679.3,1,0,0,0,1,0,1,1,0,0,1,0,6,0,0,0,0,0,0,0,7,0,0,0,0,0,0,0,0,0,0,1
1002.3,1,0,0,0,0,1,0,0,0,0,1,0,7,0,0,0,0,0,0,0,7,0,0,0,0,0,0,0,0,0,0,1
736.04,0,1,0,0,0,1,0,0,0,0,1,0,7,0,0,0,0,0,0,0,8,0,0,0,0,0,0,0,1,0,0,0
451.4,1,0,0,0,1,0,1,0,0,0,1,0,6,0,0,0,0,0,0,0,5,1,0,0,0,0,0,1,0,0,1,0
649.12,0,1,0,0,1,0,1,1,0,0,1,0,6,0,0,0,0,0,0,0,7,0,0,0,0,0,0,1,0,0,1,0
583.9,1,0,0,0,1,0,1,1,0,0,1,0,7,0,0,0,0,0,0,0,6,0,0,0,0,0,0,0,0,0,1,0
711.1,1,0,0,0,0,0,1,0,0,0,1,0,6,0,0,0,0,0,0,0,6,0,0,0,0,0,0,0,1,0,0,0
807.8,1,0,0,0,0,1,0,0,0,0,1,0,6,0,0,0,0,0,0,0,7,0,0,0,0,0,0,0,1,0,0,0
737.44,0,1,0,0,0,1,0,0,0,1,0,0,5,2,0,0,0,0,0,0,9,1,0,0,0,0,0,0,1,0,0,0
580.5,1,0,0,0,0,0,1,1,0,0,1,0,7,0,0,0,0,0,0,0,7,0,0,0,0,0,0,1,1,0,0,0
661.52,0,1,0,0,0,0,1,0,0,1,0,0,6,0,0,0,0,0,0,0,7,0,1,1,0,0,0,1,0,0,1,0
720.7,0,1,0,0,0,1,0,0,0,0,1,0,6,0,0,0,0,0,0,0,7,0,0,0,0,0,0,0,0,0,1,0
643.8,0,1,0,0,1,0,1,1,0,0,1,0,6,0,0,0,0,0,0,1,7,0,0,0,0,0,0,1,0,0,1,0
695.88,0,1,0,0,0,0,1,0,0,0,1,0,5,0,0,0,0,0,0,0,4,1,0,1,0,0,0,0,1,0,0,0
724.66,0,1,0,0,0,0,1,0,0,0,1,0,9,0,0,0,0,0,0,0,9,0,0,0,0,0,0,0,1,0,0,0
738.5,0,1,0,0,0,1,0,0,0,1,0,0,6,0,0,0,0,0,0,0,7,1,0,0,0,0,0,1,1,0,0,0
724.3,1,0,0,0,0,0,1,1,0,0,1,0,7,0,0,0,0,0,0,1,7,0,0,0,0,0,0,1,1,0,0,0
715.88,0,1,0,0,0,0,1,0,0,0,1,0,5,1,0,0,0,0,0,0,4,1,1,0,0,0,0,0,1,0,0,0
702.5,0,1,0,0,0,1,0,0,0,0,1,0,6,0,0,0,0,0,0,0,8,0,0,0,0,0,0,0,1,0,0,0
794.2,1,0,0,0,0,0,1,0,0,0,1,0,8,0,0,0,0,0,0,0,8,0,0,0,0,0,0,0,1,0,0,0
918.1,1,0,0,0,0,1,0,0,0,1,0,0,7,0,0,0,0,0,0,0,8,0,0,0,0,0,0,0,1,0,0,0
842.8,1,0,0,0,0,1,0,0,0,0,1,0,8,0,0,0,0,0,0,0,7,0,0,0,0,0,0,0,1,0,0,0
625.8,0,1,0,0,1,0,1,1,0,0,1,0,6,0,0,0,0,0,0,0,7,0,0,0,0,0,0,1,0,0,1,0
622.82,0,1,0,0,1,0,1,1,0,0,1,0,13,0,0,1,0,0,0,0,5,0,0,0,0,0,0,0,0,0,0,1
883.25,1,0,0,0,1,0,1,0,0,0,1,0,5,1,0,0,0,0,0,0,9,0,0,0,0,0,0,0,0,0,1,0
601.36,0,1,0,0,0,0,1,1,0,0,1,0,5,0,0,0,0,0,0,0,4,0,0,0,0,0,0,0,1,0,0,0
627.4,0,1,0,0,0,0,1,1,0,0,1,0,6,0,0,0,0,0,0,0,7,0,0,0,0,0,0,0,1,0,0,0
855.35,1,0,0,0,0,1,0,0,0,0,1,0,4,0,0,0,0,0,0,0,5,0,0,0,0,0,0,0,1,0,0,0
987.5,1,0,0,0,0,1,0,0,0,1,0,0,6,0,0,0,0,0,0,0,7,0,0,0,0,0,1,0,0,1,0,0
736.72,0,1,0,0,0,1,0,0,0,0,1,0,7,1,0,0,0,0,0,0,8,0,0,0,0,0,0,0,1,0,0,0
755.2,1,0,0,0,0,1,0,0,0,0,1,0,6,0,0,0,0,0,0,0,6,0,0,0,0,0,0,0,1,0,0,0
802.3,1,0,0,0,0,1,0,0,0,1,0,0,4,0,0,1,0,0,0,0,5,0,0,0,0,0,0,0,1,0,0,0
705.6,0,1,0,0,0,1,0,0,0,0,1,0,6,0,0,0,0,0,0,0,5,1,0,0,0,0,0,0,1,0,0,0
760.8,1,0,0,0,0,1,0,0,0,0,1,0,5,1,0,2,0,0,0,0,3,1,0,0,0,0,0,0,1,0,0,0
663.98,0,1,0,0,1,0,1,0,0,0,1,0,6,0,0,0,0,0,0,0,7,0,0,1,0,0,0,1,0,0,1,0
693.22,0,1,0,0,0,0,1,0,0,1,0,0,7,0,0,0,0,0,0,0,8,0,0,0,0,0,0,0,1,0,0,0
831.6,1,0,0,0,0,1,0,0,0,0,1,0,6,0,0,0,0,0,0,0,8,0,0,0,0,0,1,0,1,0,0,0
644.34,0,1,0,0,1,0,1,1,0,0,1,0,7,0,0,0,0,0,0,1,7,0,0,0,0,0,0,1,0,0,1,0
821.4,1,0,0,0,0,1,0,0,0,0,1,0,8,0,0,0,0,0,0,0,8,0,0,0,0,0,0,0,1,0,0,0
725.66,0,1,0,0,1,0,1,1,0,0,1,0,8,0,0,0,0,0,0,1,7,0,0,0,0,0,0,1,0,0,1,0
727.2,1,0,0,0,0,0,1,1,0,1,0,0,6,0,0,0,0,0,0,0,6,0,0,1,0,0,0,0,1,0,0,0
801.1,1,0,0,0,0,1,0,0,0,1,0,0,3,2,1,0,0,0,0,0,4,0,1,0,0,0,0,0,1,0,0,0
715.42,0,1,0,0,0,1,0,0,0,0,1,0,6,0,0,0,0,0,0,0,6,0,0,0,0,0,0,0,1,0,0,0
724.8,0,1,0,0,0,1,0,0,0,1,0,0,4,1,1,0,0,0,0,0,6,0,1,0,0,0,0,0,0,0,1,0
641.14,0,1,0,0,1,0,1,1,0,0,1,0,4,0,0,3,0,0,0,0,0,1,3,1,0,0,0,0,0,0,0,1
727.78,0,1,0,0,0,1,0,0,0,0,1,0,4,0,0,0,0,0,0,0,5,0,0,0,0,0,0,0,1,0,0,0
716.12,0,1,0,0,0,1,0,0,0,0,1,0,7,0,0,0,0,0,0,0,8,0,0,0,0,0,0,0,1,0,0,0
734.8,0,1,0,0,0,1,0,0,0,0,1,0,6,0,0,1,0,0,0,0,6,1,1,0,0,0,0,0,1,0,0,0
876.95,1,0,0,0,0,0,1,0,0,1,0,0,4,0,0,1,0,0,0,0,6,0,0,0,0,0,0,0,1,0,0,0
646.88,0,1,0,0,1,0,1,1,0,0,1,0,6,0,0,0,0,0,0,1,6,1,0,2,0,0,0,1,0,0,1,0
693.24,0,1,0,0,1,0,1,0,0,1,0,0,5,1,0,0,0,0,0,0,5,2,0,1,0,0,0,0,0,0,1,0
676.2,0,1,0,0,0,0,1,1,0,0,1,0,6,0,0,0,0,0,0,1,7,0,0,0,0,0,0,1,1,0,0,0
736.1,0,1,0,0,0,0,1,0,0,0,1,0,8,0,0,0,0,0,0,0,8,0,0,0,0,0,0,0,0,0,1,0
840.15,1,0,0,0,0,1,0,0,0,0,1,0,6,0,0,1,0,0,0,0,6,0,0,0,0,0,0,0,1,0,0,0
635.14,0,1,0,0,1,0,1,1,0,0,1,0,4,0,0,1,0,0,0,0,7,0,0,0,0,0,0,0,0,0,0,1
726.96,0,1,0,0,0,1,0,0,0,0,1,0,6,0,0,0,0,0,0,0,6,1,0,0,0,0,0,0,1,0,0,0
671.1,0,1,0,0,1,0,1,1,0,1,0,0,24,0,0,0,0,0,0,0,8,0,0,0,0,0,0,0,0,0,1,0
571.6,1,0,0,0,1,0,1,0,0,1,0,0,8,0,0,0,0,0,0,0,7,0,0,0,0,0,0,0,0,0,0,1
857.5,1,0,0,0,0,1,0,0,0,0,1,0,8,0,0,0,0,0,0,0,8,0,0,0,0,0,0,0,1,0,0,0
718.18,0,1,0,0,0,0,1,0,0,0,1,0,3,0,0,0,0,0,0,0,7,0,0,2,0,0,0,0,1,0,0,0
701.24,0,1,0,0,0,0,1,1,0,0,1,0,7,0,0,0,0,0,0,0,8,0,0,0,0,1,0,0,1,0,0,0
739.38,0,1,0,0,0,1,0,0,0,0,1,0,8,0,0,0,0,0,0,0,7,0,0,0,0,0,0,0,0,0,0,1
835.0,1,0,0,0,0,1,0,0,0,0,1,0,6,0,0,0,0,0,0,0,8,0,0,0,0,0,0,0,1,0,0,0
756.5,1,0,0,0,1,0,1,1,0,0,1,0,6,0,0,0,0,0,0,1,6,0,1,0,0,0,0,1,0,0,1,0
702.52,0,1,0,0,0,0,1,1,0,0,1,0,6,0,0,0,0,0,0,1,5,1,0,2,0,0,0,1,1,0,0,0
665.28,0,1,0,0,1,0,1,1,0,1,0,0,6,0,0,0,0,0,0,1,6,0,0,0,0,0,0,1,0,0,1,0
702.76,0,1,0,0,0,1,0,0,0,1,0,0,6,0,0,0,0,0,0,0,8,0,0,0,0,0,0,0,1,0,0,0
625.0,1,0,0,0,1,0,1,1,0,0,1,0,6,0,0,0,0,0,0,0,5,1,0,0,0,0,0,1,0,0,0,1
741.4,0,1,0,0,0,1,0,0,0,0,1,0,4,0,0,1,0,0,0,0,5,0,0,0,0,0,0,0,1,0,0,0
810.4,1,0,0,0,0,0,1,0,0,1,0,0,6,0,0,0,0,0,0,0,6,0,0,0,0,0,0,0,1,0,0,0
877.7,1,0,0,0,0,1,0,0,0,1,0,0,6,0,0,0,0,0,0,0,3,1,1,0,0,0,0,0,0,1,0,0
820.5,1,0,0,0,0,1,0,0,0,0,1,0,6,0,0,0,0,0,0,0,8,0,0,0,0,0,0,0,1,0,0,0
801.5,1,0,0,0,0,0,1,0,0,0,1,0,7,2,0,0,0,0,0,0,5,1,0,1,0,0,0,0,1,0,0,0
724.46,0,1,0,0,0,1,0,0,0,1,0,0,8,0,0,0,0,0,0,0,6,1,0,0,0,0,0,0,1,0,0,0
805.4,1,0,0,0,0,1,0,0,0,1,0,0,4,2,0,0,0,0,0,0,6,0,0,0,0,0,0,0,0,0,1,0
757.26,0,1,0,0,0,0,1,0,0,1,0,0,6,0,0,0,0,0,0,0,6,0,1,0,0,0,0,0,1,0,0,0
715.94,0,1,0,0,0,1,0,0,0,0,1,0,7,0,0,0,0,0,0,0,7,0,0,0,0,0,0,0,1,0,0,0
713.82,0,1,0,0,0,1,0,0,0,0,1,0,7,0,0,0,0,0,0,0,8,0,0,0,0,0,0,0,1,0,0,0
808.15,1,0,0,0,0,1,0,0,0,0,1,0,6,0,0,0,0,0,0,0,6,0,0,0,0,0,0,0,1,0,0,0
780.9,1,0,0,0,0,0,1,0,0,1,0,0,8,0,0,0,0,0,0,0,7,0,0,0,0,0,0,0,0,0,1,0
861.6,1,0,0,0,0,1,0,0,0,0,1,0,6,0,0,0,0,0,0,0,8,0,0,0,0,0,0,0,1,0,0,0
618.1,0,1,0,0,0,1,0,0,0,0,1,0,3,0,0,0,0,0,0,0,1,0,0,0,0,0,0,0,0,0,0,1
745.26,0,1,0,0,0,1,0,0,0,0,1,0,8,0,0,0,0,0,0,0,7,0,0,0,0,0,0,0,1,0,0,0
868.05,1,0,0,0,0,1,0,0,0,0,1,0,4,0,0,1,0,0,0,0,5,0,0,0,0,0,0,0,1,0,0,0
681.7,0,1,0,0,1,0,1,1,0,1,0,0,7,0,0,0,0,0,0,1,9,0,0,0,0,0,0,1,0,0,1,0
830.35,1,0,0,0,0,1,0,0,0,0,1,0,4,0,0,1,0,0,0,0,5,0,0,0,0,0,0,0,0,0,1,0
706.5,1,0,0,0,0,1,0,0,0,0,1,0,10,0,0,1,0,0,0,0,8,0,0,0,0,0,0,0,1,0,0,0
739.06,0,1,0,0,0,1,0,0,0,1,0,0,4,0,0,1,0,0,0,0,5,0,0,0,0,0,0,0,1,0,0,0
732.6,1,0,0,0,1,0,1,0,0,0,1,0,6,0,0,0,0,0,0,0,7,0,0,1,0,0,0,0,0,0,1,0
636.46,0,1,0,0,0,1,0,0,0,0,1,0,5,0,0,0,0,0,0,0,7,2,0,0,0,0,0,0,1,0,0,0
843.2,1,0,0,0,0,1,0,0,0,1,0,0,7,0,0,0,0,0,0,0,6,0,1,0,0,0,0,0,0,0,1,0
488.7,1,0,0,0,0,1,0,0,0,0,1,0,6,0,0,0,0,0,0,0,5,1,0,0,0,0,0,0,1,0,0,0
881.0,1,0,0,0,0,1,0,0,0,0,1,0,7,0,0,0,0,0,0,0,7,0,0,0,0,0,0,0,1,0,0,0
772.8,1,0,0,0,0,1,0,0,0,0,1,0,6,0,0,0,0,0,0,0,7,0,0,1,0,0,0,0,1,0,0,0
677.75,1,0,0,0,0,0,1,1,0,0,1,0,7,0,0,0,0,0,0,0,8,0,0,0,0,0,0,0,1,0,0,0
698.36,0,1,0,0,0,0,1,1,0,1,0,0,8,0,0,0,0,0,0,0,9,0,0,0,0,0,0,1,1,0,0,0
690.96,0,1,0,0,0,1,0,0,0,0,1,0,6,0,0,0,0,0,0,0,7,0,0,0,0,1,0,0,0,0,1,0
652.02,0,1,0,0,1,0,1,0,0,0,1,0,5,0,0,0,0,0,0,0,5,0,0,0,0,0,0,0,0,0,1,0
728.9,1,0,0,0,1,0,1,0,0,0,1,0,8,0,0,0,0,0,0,0,7,0,0,0,0,0,0,0,0,0,1,0
687.9,0,1,0,0,0,1,0,0,0,0,1,0,6,0,0,0,0,0,0,0,7,0,0,1,0,0,0,0,1,0,0,0
486.6,1,0,0,0,0,0,1,0,0,0,1,0,7,0,0,0,0,0,0,0,7,0,0,0,0,0,0,0,1,0,0,0
742.84,0,1,0,0,0,1,0,0,0,0,1,0,5,2,0,0,0,0,0,0,1,0,0,6,0,0,0,0,1,0,0,0
740.72,0,1,0,0,0,1,0,0,0,0,1,0,7,0,0,0,0,0,0,0,8,0,0,0,0,1,0,0,1,0,0,0
796.5,1,0,0,0,0,1,0,0,0,0,1,0,6,0,0,0,0,0,0,0,0,1,1,4,0,0,0,0,1,0,0,0
729.44,0,1,0,0,0,1,0,0,0,0,1,0,6,0,0,0,0,0,0,0,9,0,0,0,0,0,0,0,0,0,0,1
679.7,1,0,0,0,0,0,1,0,0,0,1,0,7,0,0,0,0,0,0,0,8,0,0,0,0,0,0,0,0,0,1,0
739.22,0,1,0,0,0,1,0,0,0,1,0,0,8,0,0,0,0,0,0,0,9,0,0,0,0,0,0,0,1,0,0,0
730.8,0,1,0,0,0,1,0,0,0,0,1,0,6,0,0,0,0,0,0,0,5,1,0,0,0,0,0,0,1,0,0,0
669.2,0,1,0,0,1,0,1,1,0,0,1,0,4,1,1,0,0,0,0,0,7,0,0,0,0,0,0,0,0,0,1,0
714.1,0,1,0,0,0,0,1,1,0,0,1,0,6,0,0,1,0,0,0,0,7,0,0,0,0,0,0,1,1,0,0,0
580.65,1,0,0,0,0,0,1,1,0,0,1,0,6,1,1,0,0,0,0,1,8,0,0,0,0,1,0,1,1,0,0,0
438.6,1,0,0,0,1,0,1,1,0,0,1,0,2,2,2,0,0,0,0,1,0,1,1,3,0,0,0,1,0,0,0,1
748.6,1,0,0,0,0,1,0,0,0,0,1,0,6,0,0,0,0,0,0,0,8,0,0,0,0,0,0,0,1,0,0,0
644.06,0,1,0,0,0,1,0,0,0,0,1,0,5,0,0,0,0,0,0,0,3,0,0,0,0,0,0,0,1,0,0,0
771.68,0,1,0,0,0,1,0,0,0,1,0,0,4,0,0,1,0,0,0,0,6,0,0,0,0,0,0,0,1,0,0,0
923.1,1,0,0,0,0,1,0,0,0,0,1,0,8,0,0,0,0,0,0,0,8,0,0,0,0,0,0,0,1,0,0,0
850.75,1,0,0,0,0,1,0,0,0,0,1,0,0,0,0,6,0,0,0,0,2,0,0,0,0,0,0,0,1,0,0,0
610.8,1,0,0,0,1,0,1,1,0,1,0,0,6,0,0,0,0,0,0,0,7,0,1,0,0,0,0,1,0,0,0,1
717.36,0,1,0,0,0,1,0,0,0,0,1,0,6,0,0,0,0,0,0,0,6,1,0,0,0,0,0,0,1,0,0,0
640.9,1,0,0,0,1,0,1,1,0,0,1,0,6,0,0,0,0,0,0,1,7,0,0,1,0,0,0,1,0,0,0,1
684.62,0,1,0,0,1,0,1,0,0,1,0,0,7,0,0,0,0,0,0,0,7,0,0,0,0,0,0,0,0,0,0,1
675.04,0,1,0,0,1,0,1,1,0,0,1,0,6,0,0,0,0,0,0,1,7,0,0,0,0,0,0,1,0,0,0,1
585.8,1,0,0,0,1,0,1,1,0,0,1,0,6,0,0,0,0,0,0,0,5,0,0,1,0,0,0,0,0,0,0,1
705.22,0,1,0,0,1,0,1,1,0,1,0,0,8,0,0,0,0,0,0,1,7,0,0,0,0,0,0,1,0,0,1,0
598.3,1,0,0,0,1,0,1,1,0,0,1,0,8,0,0,0,0,0,0,0,7,0,0,0,0,0,0,0,0,0,1,0
670.9,0,1,0,0,1,0,1,1,0,1,0,0,6,0,0,0,0,0,0,0,6,0,0,1,0,0,0,1,0,0,1,0
680.72,0,1,0,0,0,1,0,0,0,1,0,0,3,4,0,0,0,0,0,0,3,2,0,1,0,0,0,0,1,0,0,0
680.8,0,1,0,0,1,0,1,0,0,0,1,0,7,0,0,0,0,0,0,0,8,0,0,0,0,0,0,0,0,0,1,0
654.88,0,1,0,0,1,0,1,1,0,0,1,0,5,1,0,0,0,0,0,0,4,0,2,0,0,0,0,0,0,0,1,0
795.2,1,0,0,0,0,0,1,0,0,0,1,0,4,0,0,1,0,0,0,0,6,0,0,0,0,0,0,0,1,0,0,0
708.24,0,1,0,0,0,1,0,0,0,0,1,0,6,0,0,0,0,0,0,0,7,0,0,0,0,1,0,0,1,0,0,0
616.96,0,1,0,0,0,1,0,0,0,0,1,0,8,0,0,0,0,0,0,0,9,0,0,1,0,0,0,0,1,0,0,0
799.85,1,0,0,0,0,1,0,0,0,0,1,0,8,0,0,0,0,0,0,0,8,0,0,0,0,0,0,0,1,0,0,0
558.6,1,0,0,0,1,0,1,0,0,0,1,0,7,0,0,0,0,0,0,0,8,0,0,0,0,0,0,0,0,0,1,0
782.0,1,0,0,0,0,0,1,1,0,1,0,0,4,0,0,1,0,0,0,0,5,0,0,0,0,0,0,0,0,0,1,0
676.22,0,1,0,0,1,0,1,0,0,1,0,0,6,0,0,0,0,0,0,0,6,1,0,1,0,0,0,0,0,0,1,0
702.34,0,1,0,0,0,0,1,0,0,0,1,0,7,0,0,0,0,0,0,0,7,0,0,0,0,0,0,0,1,0,0,0
679.46,0,1,0,0,1,0,1,0,0,0,1,0,9,0,0,0,0,0,0,0,3,2,0,0,0,1,0,0,0,0,1,0
786.3,1,0,0,0,0,1,0,0,0,0,1,0,7,0,0,0,0,0,0,0,7,0,0,0,0,0,0,1,1,0,0,0
790.3,1,0,0,0,0,1,0,0,0,0,1,0,7,0,0,1,0,0,0,0,6,0,0,1,0,0,0,0,1,0,0,0
713.6,1,0,0,0,0,1,0,0,0,0,1,0,6,0,0,0,0,0,0,0,7,0,0,0,0,0,0,0,1,0,0,0
679.18,0,1,0,0,1,0,1,0,0,0,1,0,5,3,0,0,0,0,0,0,7,0,0,0,0,0,0,0,0,0,0,1
757.62,0,1,0,0,0,0,1,0,0,1,0,0,6,0,0,0,0,0,0,0,8,0,0,0,0,0,1,0,1,0,0,0
566.1,1,0,0,0,1,0,1,0,0,0,1,0,4,0,0,0,0,0,0,0,4,0,0,0,0,0,0,0,0,0,0,1
442.3,1,0,0,0,1,0,1,1,0,0,1,0,5,1,0,0,0,0,0,1,5,0,0,1,0,0,0,1,0,0,1,0
751.4,1,0,0,0,0,1,0,0,0,1,0,0,6,0,0,0,0,0,0,0,5,1,0,1,0,0,0,0,1,0,0,0
709.4,0,1,0,0,0,1,0,0,0,0,1,0,5,1,0,0,0,0,0,0,8,0,0,0,0,0,0,0,1,0,0,0
759.1,1,0,0,0,0,0,1,1,0,1,0,0,6,0,0,0,0,0,0,0,7,0,0,0,0,0,0,1,1,0,0,0
676.82,0,1,0,0,0,1,0,0,0,0,1,0,6,0,0,0,0,0,0,0,6,0,0,0,0,1,0,0,1,0,0,0
950.8,1,0,0,0,0,1,0,0,0,0,1,0,6,0,0,0,0,0,0,0,8,0,0,0,0,0,0,0,1,0,0,0
698.8,1,0,0,0,0,0,1,1,0,0,1,0,6,0,0,0,0,0,0,0,6,0,0,0,0,0,0,0,1,0,0,0
858.6,1,0,0,0,0,1,0,0,0,0,1,0,8,0,0,0,0,0,0,0,8,0,0,0,0,0,0,0,1,0,0,0
712.94,0,1,0,0,0,1,0,0,0,0,1,0,6,0,0,0,0,0,0,0,8,0,0,0,0,0,0,0,1,0,0,0
615.5,1,0,0,0,0,0,1,1,0,0,1,0,8,0,0,0,0,0,0,0,8,0,0,0,0,0,0,0,1,0,0,0
704.58,0,1,0,0,0,1,0,0,0,0,1,0,7,0,0,0,0,0,0,0,7,0,0,0,0,0,0,0,1,0,0,0
774.6,1,0,0,0,0,1,0,0,0,0,1,0,6,0,0,0,0,0,0,0,5,1,0,0,0,0,0,0,1,0,0,0
715.72,0,1,0,0,0,1,0,0,0,0,1,0,5,1,0,0,0,0,0,0,7,0,0,0,0,0,0,0,1,0,0,0
767.55,1,0,0,0,0,0,1,1,0,0,1,0,7,0,0,0,0,0,0,0,7,0,0,0,0,0,0,0,1,0,0,0
701.5,1,0,0,0,0,1,0,0,0,0,1,0,6,0,0,0,0,0,0,0,7,0,0,0,0,0,0,0,1,0,0,0
735.66,0,1,0,0,0,1,0,0,0,0,1,0,6,0,0,0,0,0,0,0,8,0,0,0,0,0,0,0,1,0,0,0
536.0,1,0,0,0,1,0,1,1,0,0,1,0,7,0,0,0,0,0,0,1,7,0,0,0,0,0,0,1,0,0,1,0
703.62,0,1,0,0,0,0,1,1,0,0,1,0,9,0,0,0,0,0,0,0,9,0,0,0,0,0,0,0,1,0,0,0
682.92,0,1,0,0,1,0,1,0,0,0,1,0,6,0,0,0,0,1,0,0,7,0,0,0,0,1,0,0,0,0,1,0
627.94,0,1,0,0,0,1,0,0,0,1,0,0,5,1,0,0,0,0,0,0,4,1,0,1,0,0,0,0,1,0,0,0
705.82,0,1,0,0,0,1,0,0,0,0,1,0,7,0,0,0,0,0,0,0,7,0,0,0,0,0,1,0,0,0,1,0
732.04,0,1,0,0,0,1,0,0,0,0,1,0,6,0,0,0,0,0,0,0,5,1,0,0,0,0,0,0,1,0,0,0
688.04,0,1,0,0,0,1,0,0,0,0,1,0,0,4,2,0,0,0,0,0,0,0,0,1,0,0,0,1,0,1,0,0
806.55,1,0,0,0,0,1,0,0,0,1,0,0,4,0,0,0,0,0,1,0,5,0,0,0,0,0,0,0,0,0,1,0
689.86,0,1,0,0,0,0,1,1,0,0,1,0,6,0,0,0,0,0,0,1,7,0,0,0,0,0,0,1,0,0,1,0
676.54,0,1,0,0,0,1,0,0,0,1,0,0,6,0,0,0,0,0,0,0,8,0,0,0,0,0,1,0,0,0,1,0
612.5,1,0,0,0,1,0,1,0,0,0,1,0,6,0,0,0,0,0,0,0,6,0,0,0,0,0,0,0,0,0,0,1
594.1,1,0,0,0,1,0,1,1,0,0,1,0,6,0,0,0,0,0,0,1,7,0,0,0,0,0,0,1,0,0,1,0
553.6,1,0,0,0,0,0,1,1,0,0,1,0,6,0,0,0,0,0,0,0,7,0,1,0,0,0,0,0,1,0,0,0
828.3,1,0,0,0,0,1,0,0,0,0,1,0,8,0,0,0,0,0,0,0,7,0,0,0,0,0,0,0,1,0,0,0
727.8,1,0,0,0,0,0,1,1,0,1,0,0,7,0,0,0,0,0,0,0,7,0,0,0,0,0,0,0,1,0,0,0
508.9,1,0,0,0,1,0,1,0,0,0,1,0,7,0,0,0,0,0,0,0,8,0,0,0,0,0,0,0,0,0,0,1
687.08,0,1,0,0,0,0,1,1,0,0,1,0,7,0,0,0,0,0,0,0,7,0,0,0,0,0,0,0,1,0,0,0
828.8,1,0,0,0,0,1,0,0,0,0,1,0,4,0,0,0,0,0,0,0,3,0,0,0,0,0,0,0,0,1,0,0
828.1,1,0,0,0,0,1,0,0,0,0,1,0,8,0,0,0,0,0,0,1,7,0,0,0,0,0,0,1,1,0,0,0
662.3,1,0,0,0,1,0,1,0,0,0,1,0,8,0,0,0,0,0,0,0,7,0,0,0,0,0,0,0,0,0,1,0
513.2,1,0,0,0,1,0,1,1,0,0,1,0,8,0,0,0,0,0,0,0,6,1,0,0,0,0,0,0,0,0,0,1
714.64,0,1,0,0,0,0,1,0,0,0,1,0,4,0,0,0,0,0,0,0,6,0,0,0,0,0,0,0,1,0,0,0
826.6,1,0,0,0,0,1,0,0,0,0,1,0,6,0,0,0,0,0,0,0,7,0,0,0,0,0,0,0,1,0,0,0
767.5,0,1,0,0,0,1,0,0,0,0,1,0,4,0,0,1,0,0,1,0,7,0,0,0,0,0,0,0,1,0,0,0
733.1,1,0,0,0,0,0,1,1,0,1,0,0,8,0,0,0,0,0,0,0,7,0,0,0,0,0,0,0,1,0,0,0
734.8,1,0,0,0,0,1,0,0,0,0,1,0,6,0,0,0,0,0,0,0,7,0,0,0,0,0,0,1,0,0,1,0
874.4,1,0,0,0,0,1,0,0,0,1,0,0,8,0,0,0,0,0,0,0,5,0,0,3,0,0,0,0,1,0,0,0
838.5,1,0,0,0,0,1,0,0,0,1,0,0,8,0,0,0,0,0,0,0,7,0,0,0,0,0,0,0,1,0,0,0
652.15,1,0,0,0,0,0,1,1,0,0,1,0,8,0,0,0,0,0,0,1,7,0,0,0,0,0,0,1,0,1,0,0
683.78,0,1,0,0,1,0,1,1,0,0,1,0,8,0,0,0,0,0,0,0,7,0,0,0,0,0,0,0,0,0,1,0
756.32,0,1,0,0,0,1,0,0,0,1,0,0,8,0,0,0,0,0,0,0,7,0,0,0,0,0,0,1,1,0,0,0
841.5,1,0,0,0,0,1,0,0,0,1,0,0,4,0,0,1,0,0,0,0,5,0,0,0,0,0,0,0,1,0,0,0
754.66,0,1,0,0,0,1,0,0,0,0,1,0,7,0,0,0,0,0,0,0,8,0,0,0,0,0,0,0,1,0,0,0
573.35,1,0,0,0,1,0,1,1,0,0,1,0,6,0,0,0,0,0,0,1,6,0,0,1,0,0,0,1,0,0,1,0
706.92,0,1,0,0,0,1,0,0,0,1,0,0,13,2,0,0,0,0,0,0,3,0,0,1,0,0,0,0,1,0,0,0
707.9,0,1,0,0,0,1,0,0,0,0,1,0,6,0,0,0,0,0,0,0,7,0,0,1,0,0,0,1,1,0,0,0
755.98,0,1,0,0,0,1,0,0,0,0,1,0,8,0,0,0,0,0,0,0,7,0,0,0,0,0,0,0,1,0,0,0
809.8,1,0,0,0,0,1,0,0,0,0,1,0,6,0,0,0,0,0,0,0,6,0,0,0,0,0,0,0,0,0,1,0
641.36,0,1,0,0,1,0,1,1,0,0,1,0,6,0,0,0,0,0,0,0,7,0,0,0,0,0,0,0,0,0,1,0
727.8,1,0,0,0,0,1,0,0,0,0,1,0,6,0,0,0,0,0,0,0,7,0,0,1,0,0,0,0,1,0,0,0
673.12,0,1,0,0,0,1,0,0,0,1,0,0,2,1,0,0,0,0,0,0,8,0,0,0,0,0,1,0,1,0,0,0
730.88,0,1,0,0,0,0,1,1,0,1,0,0,4,0,0,1,0,0,0,0,5,0,0,0,0,0,0,0,1,0,0,0
565.65,1,0,0,0,1,0,1,1,1,0,1,0,7,1,0,0,0,0,0,1,5,1,0,1,0,0,0,1,0,0,1,0
719.58,0,1,0,0,0,1,0,0,0,1,0,0,5,1,0,0,0,0,0,0,6,0,0,0,0,0,0,0,1,0,0,0
587.8,1,0,0,0,1,0,1,1,0,0,1,0,7,0,0,0,0,0,0,0,7,0,0,0,0,0,0,0,0,0,0,1
672.8,0,1,0,0,1,0,1,0,0,1,0,0,7,0,0,0,0,0,0,0,9,0,0,0,0,0,0,0,0,0,1,0
653.04,0,1,0,0,1,0,1,1,0,0,1,0,5,3,0,0,0,0,0,0,5,0,0,1,0,0,0,0,0,0,1,0
813.85,1,0,0,0,0,1,0,0,0,0,1,0,8,0,0,0,0,0,0,0,8,0,0,0,0,0,0,0,1,0,0,0
837.9,1,0,0,0,0,1,0,0,0,0,1,0,8,0,0,0,0,0,0,0,7,0,0,0,0,0,0,0,1,0,0,0
491.6,1,0,0,0,0,1,0,0,0,0,1,0,5,1,0,0,0,0,0,0,5,1,0,1,0,0,0,0,1,0,0,0
671.82,0,1,0,0,1,0,1,0,0,1,0,0,4,2,0,0,0,0,0,0,4,0,4,0,0,0,0,0,0,0,1,0
676.6,0,1,0,0,1,0,1,1,0,1,0,0,7,0,0,0,0,0,0,1,3,4,1,0,0,0,0,1,0,0,1,0
658.4,0,1,0,0,1,0,1,0,0,0,1,0,6,0,0,0,0,0,0,0,6,0,0,0,0,0,0,0,0,0,0,1
729.78,0,1,0,0,0,1,0,0,0,0,1,0,6,0,0,0,0,0,0,0,8,0,0,0,0,0,0,1,1,0,0,0
812.85,1,0,0,0,0,1,0,0,0,0,1,0,7,0,0,0,0,0,0,0,7,0,0,0,0,0,0,0,1,0,0,0
842.8,1,0,0,0,0,1,0,0,0,0,1,0,8,0,0,0,0,0,0,0,8,0,0,0,0,0,0,0,1,0,0,0
811.95,1,0,0,0,0,1,0,0,0,0,1,0,4,0,0,1,0,0,0,0,7,0,0,0,0,0,0,0,1,0,0,0
664.8,0,1,0,0,1,0,1,1,0,0,1,0,4,0,0,1,0,0,0,1,6,0,0,0,0,0,0,1,0,0,0,1
618.16,0,1,0,0,1,0,1,0,0,0,1,0,6,0,0,0,0,0,0,0,6,1,0,0,0,0,0,1,0,0,0,1
691.14,0,1,0,0,0,1,0,0,0,0,1,0,6,0,0,0,0,0,0,0,7,0,0,0,0,0,0,0,1,0,0,0
771.12,0,1,0,0,0,1,0,0,0,0,1,0,16,0,0,0,0,0,0,0,6,0,0,0,0,0,0,0,1,0,0,0
630.9,0,1,0,0,0,0,1,1,0,0,1,0,5,0,0,0,0,0,0,0,7,0,0,0,0,0,0,0,1,0,0,0
722.95,1,0,0,0,1,0,1,0,0,0,1,0,8,0,0,0,0,0,0,0,7,0,0,0,0,0,0,0,0,0,1,0
870.75,1,0,0,0,0,1,0,0,0,0,1,0,8,0,0,0,0,0,0,0,7,0,0,0,0,0,0,0,1,0,0,0
639.9,0,1,0,0,0,1,0,0,0,0,1,0,4,0,0,0,0,0,0,0,2,2,0,0,0,0,0,0,0,0,0,0
582.8,1,0,0,0,1,0,1,1,0,0,1,0,7,0,0,0,0,0,0,1,7,0,0,0,0,0,0,1,0,0,0,1
737.18,0,1,0,0,0,0,1,0,0,0,1,0,4,0,0,1,0,0,0,0,6,0,0,0,0,0,0,0,1,0,0,0
453.5,1,0,0,0,1,0,1,1,0,0,1,0,7,0,0,0,0,0,0,1,6,1,0,0,0,0,0,1,0,0,1,0
548.5,1,0,0,0,1,0,1,1,0,1,0,0,6,0,0,0,0,0,0,1,6,0,0,0,0,0,0,1,0,0,1,0
670.38,0,1,0,0,0,0,1,1,0,0,1,0,6,0,0,0,0,0,0,1,8,0,0,1,0,0,0,1,1,0,0,0
721.66,0,1,0,0,0,1,0,0,0,0,1,0,7,0,0,0,0,0,0,0,0,3,5,0,0,0,0,0,1,0,0,0
809.9,1,0,0,0,0,0,1,1,0,1,0,0,6,0,0,0,0,0,0,0,6,0,0,0,0,0,0,0,0,0,1,0
541.05,1,0,0,0,1,0,1,1,0,0,1,0,8,0,0,0,0,0,0,0,7,0,0,0,0,0,0,0,0,0,1,0
782.9,1,0,0,0,0,0,1,0,0,0,1,0,8,0,0,0,0,0,0,0,6,0,0,1,0,0,0,0,1,0,0,0
813.25,1,0,0,0,0,1,0,0,0,0,1,0,4,2,0,0,0,0,0,0,3,1,0,0,0,0,0,0,0,0,1,0
740.18,0,1,0,0,0,0,1,0,0,1,0,0,20,0,0,0,0,0,0,0,8,0,0,0,0,0,1,0,0,0,1,0
736.4,0,1,0,0,0,1,0,0,0,0,1,0,8,0,0,0,0,0,0,0,7,0,0,0,0,0,0,0,1,0,0,0
712.42,0,1,0,0,0,1,0,0,0,0,1,0,6,0,0,0,0,0,0,0,5,1,0,0,0,0,0,0,1,0,0,0
788.0,1,0,0,0,0,1,0,0,0,0,1,0,6,0,0,0,0,0,0,0,7,0,0,0,0,0,0,0,1,0,0,0
900.9,1,0,0,0,0,1,0,0,0,0,1,0,7,0,0,0,0,0,0,0,7,0,0,0,0,0,0,0,0,0,1,0
860.5,1,0,0,0,0,1,0,0,0,0,1,0,6,0,0,0,0,0,0,0,6,0,0,0,0,0,0,0,1,0,0,0
903.9,1,0,0,0,0,1,0,0,0,0,1,0,6,0,0,0,0,0,0,0,6,0,0,0,0,0,0,0,1,0,0,0
719.62,0,1,0,0,0,1,0,0,0,0,1,0,5,0,1,0,0,0,0,0,7,0,0,0,0,0,0,0,1,0,0,0
910.85,1,0,0,0,0,1,0,0,0,0,1,0,4,0,0,1,0,0,0,0,5,0,0,0,0,0,0,0,1,0,0,0
799.55,1,0,0,0,0,1,0,0,0,0,1,0,8,0,0,0,0,0,0,0,8,0,0,0,0,0,0,0,0,0,1,0
766.06,0,1,0,0,0,1,0,0,0,0,1,0,6,0,0,0,0,0,0,0,8,0,0,0,0,0,0,0,1,0,0,0
671.12,0,1,0,0,0,1,0,0,0,0,1,0,5,1,0,0,0,0,0,0,4,2,0,0,0,0,0,0,1,0,0,0
837.2,1,0,0,0,0,1,0,0,0,0,1,0,4,0,0,1,0,0,0,0,5,0,0,0,0,0,0,0,1,0,0,0
749.9,1,0,0,0,0,0,1,0,0,0,1,0,7,0,0,0,0,0,0,0,7,0,1,0,0,0,0,1,1,0,0,0
689.3,0,1,0,0,0,0,1,1,0,0,1,0,4,0,0,1,0,0,0,1,5,0,0,0,0,0,0,1,1,0,0,0
692.22,0,1,0,0,0,0,1,0,0,0,1,0,7,0,0,0,0,0,0,0,7,0,0,0,0,0,0,0,1,0,0,0
731.7,0,1,0,0,0,1,0,0,0,0,1,0,7,0,0,0,0,0,0,0,5,0,0,3,0,1,0,0,0,0,1,0
731.3,1,0,0,0,0,1,0,0,0,0,1,0,1,0,0,0,0,0,0,0,4,0,0,0,0,0,0,0,1,0,0,0
877.8,1,0,0,0,0,1,0,0,0,0,1,0,8,0,0,0,0,0,0,0,8,0,0,0,0,0,0,0,1,0,0,0
