NOTA_INGRESSO,TIPO_INGRESSO_PISM,TIPO_INGRESSO_SISU,TIPO_INGRESSO_VESTIBULAR,TIPO_INGRESSO_OUTROS,cota_racial,cota_ampla_concorrencia,cota_escola_publica,cota_renda,cota_pcd,genero_masculino,genero_feminino,genero_outros,periodo_1_disciplinas_aprovadas,periodo_1_disciplinas_reprovadas,periodo_1_disciplinas_ri,periodo_1_disciplinas_trancadas,periodo_1_disciplinas_outros_status,periodo_1_bolsa_remunerada,periodo_1_bolsa_n_remunerada,periodo_1_AE,periodo_2_disciplinas_aprovadas,periodo_2_disciplinas_reprovadas,periodo_2_disciplinas_ri,periodo_2_disciplinas_trancadas,periodo_2_disciplinas_outros_status,periodo_2_bolsa_remunerada,periodo_2_bolsa_n_remunerada,periodo_2_AE,etnia_OUTRA,etnia_PARDA,etnia_PRETA
668.1,1,0,0,0,0,1,0,0,0,0,1,0,5,1,0,0,0,0,0,0,6,0,0,0,0,0,0,0,0,0,0
593.32,0,1,0,0,1,0,1,1,0,0,1,0,9,0,0,0,0,0,0,0,5,0,0,0,0,0,0,1,0,1,0
953.5,1,0,0,0,0,1,0,0,0,1,0,0,6,0,0,0,0,0,0,0,6,0,0,0,0,0,0,0,0,0,0
719.6,0,1,0,0,0,1,0,0,0,1,0,0,6,0,0,0,0,0,0,0,7,0,0,0,0,0,0,0,0,0,0
673.44,0,1,0,0,0,1,0,0,0,1,0,0,6,0,0,0,0,0,0,0,5,0,0,0,0,0,0,0,0,0,0
665.24,0,1,0,0,0,0,1,0,0,1,0,0,4,2,0,0,0,0,0,0,4,2,0,1,0,0,0,0,0,0,0
718.04,0,1,0,0,0,1,0,0,0,1,0,0,6,0,0,0,0,0,0,0,6,1,0,0,0,0,0,0,0,0,0
698.84,0,1,0,0,0,1,0,0,0,1,0,0,6,1,0,0,0,0,0,0,4,0,1,1,0,0,0,0,0,0,0
717.32,0,1,0,0,0,1,0,0,0,1,0,0,5,1,0,0,0,0,0,0,6,0,1,0,0,0,0,0,0,0,0
691.5,1,0,0,0,0,1,0,0,0,0,1,0,6,0,0,0,0,0,0,0,6,0,0,1,0,0,0,0,0,0,0
788.4,1,0,0,0,0,1,0,0,0,1,0,0,6,0,0,0,0,0,0,0,8,0,0,0,0,0,0,0,0,0,0
614.18,0,1,0,0,1,0,1,0,0,0,1,0,5,1,0,0,0,0,0,0,5,0,0,0,0,0,0,0,0,1,0
723.76,0,1,0,0,0,1,0,0,0,1,0,0,6,0,0,0,0,0,0,0,6,0,0,0,0,0,0,0,0,0,0
733.5,0,1,0,0,0,1,0,0,0,1,0,0,6,0,0,0,0,0,0,0,5,1,0,0,0,0,0,0,0,0,0
680.2,1,0,0,0,0,1,0,0,0,1,0,0,6,0,0,0,0,0,0,0,7,0,0,0,0,0,0,0,0,0,0
723.18,0,1,0,0,0,1,0,0,0,0,1,0,6,0,0,0,0,0,0,0,4,0,0,1,0,0,0,0,0,0,0
731.54,0,1,0,0,0,1,0,0,0,1,0,0,1,0,0,5,0,0,0,0,1,1,0,1,0,0,0,0,0,0,0
616.44,0,1,0,0,0,1,0,0,0,0,1,0,11,0,0,0,0,0,0,0,6,0,0,0,0,0,0,0,0,0,0
743.54,0,1,0,0,0,1,0,0,0,1,0,0,6,0,0,0,0,0,0,0,6,0,0,0,0,0,0,0,0,0,0
828.1,1,0,0,0,0,1,0,0,0,1,0,0,6,0,0,0,0,0,0,0,6,0,0,0,0,0,0,0,0,0,0
791.45,1,0,0,0,0,0,1,0,0,0,1,0,6,0,0,0,0,0,0,0,4,0,0,0,0,0,0,0,0,0,0
644.7,1,0,0,0,0,1,0,0,0,0,1,0,6,0,0,0,0,0,0,0,6,0,0,0,0,0,0,0,0,1,0
744.74,0,1,0,0,0,1,0,0,0,1,0,0,6,0,0,0,0,0,0,0,6,0,0,0,0,0,0,0,0,0,0
722.14,0,1,0,0,0,1,0,0,0,0,1,0,6,0,0,0,0,0,0,0,7,0,0,0,0,0,0,1,0,0,0
712.36,0,1,0,0,1,0,1,0,0,1,0,0,7,0,0,0,0,0,0,0,5,0,0,0,0,0,0,1,0,1,0
426.5,1,0,0,0,0,1,0,0,0,1,0,0,5,0,0,1,0,0,0,0,5,1,0,0,0,0,0,0,0,0,1
640.66,0,1,0,0,0,1,0,0,0,1,0,0,3,3,0,0,0,0,0,0,2,2,0,1,0,0,0,0,0,0,0
835.75,1,0,0,0,0,1,0,0,0,1,0,0,6,0,0,0,0,0,0,0,6,0,0,0,0,0,0,0,0,0,0
639.4,0,1,0,0,0,0,1,0,0,1,0,0,5,1,0,0,0,0,0,0,4,0,0,1,0,0,0,0,0,0,0
645.2,1,0,0,0,0,1,0,0,0,1,0,0,6,0,0,0,0,0,0,0,4,1,0,1,0,0,0,0,0,0,0
651.96,0,1,0,0,0,0,1,1,0,0,1,0,5,1,0,0,0,0,0,1,2,3,0,0,0,1,0,1,0,0,0
713.26,0,1,0,0,0,1,0,0,0,1,0,0,6,0,0,0,0,0,0,0,6,0,0,0,0,0,0,0,0,0,0
720.2,0,1,0,0,0,0,1,0,0,1,0,0,6,0,0,0,0,0,0,0,7,0,0,0,0,0,0,0,0,0,0
371.0,1,0,0,0,0,0,1,1,0,1,0,0,3,3,0,0,0,0,0,1,2,4,0,0,0,0,0,1,1,0,0
726.25,1,0,0,0,0,1,0,0,0,1,0,0,6,0,0,0,0,0,0,0,4,1,0,0,0,0,0,0,0,0,0
656.24,0,1,0,0,1,0,1,0,0,1,0,0,0,2,0,0,0,0,0,1,4,1,0,0,0,0,0,1,0,1,0
645.86,0,1,0,0,1,0,1,1,0,1,0,0,6,0,0,0,0,0,0,0,8,0,0,0,0,0,0,1,0,0,1
933.8,1,0,0,0,0,1,0,0,0,1,0,0,6,0,0,0,0,0,0,0,5,0,0,0,0,0,0,0,0,0,0
705.12,0,1,0,0,0,1,0,0,0,0,1,0,7,0,0,0,0,0,0,0,9,0,0,0,0,0,0,0,0,0,0
904.25,1,0,0,0,0,1,0,0,0,1,0,0,4,0,0,0,0,0,0,0,5,0,0,0,0,0,0,0,0,0,0
624.72,0,1,0,0,0,0,1,0,0,1,0,0,5,1,0,0,0,0,0,0,3,2,0,0,0,0,0,0,0,0,0
684.5,0,1,0,0,0,0,1,0,0,1,0,0,5,1,0,0,0,0,0,0,5,0,0,1,0,0,0,0,0,0,0
518.15,1,0,0,0,1,0,1,1,0,0,1,0,6,0,0,0,0,0,0,0,4,1,0,1,0,0,0,0,0,1,0
581.7,1,0,0,0,1,0,1,1,0,1,0,0,5,1,0,0,0,0,0,0,5,1,0,0,0,0,0,0,0,0,1
639.8,1,0,0,0,0,0,1,0,0,1,0,0,6,0,0,0,0,0,0,0,5,1,0,0,0,0,0,0,0,0,0
409.7,1,0,0,0,1,0,1,1,0,1,0,0,4,2,0,0,0,0,0,1,1,3,0,0,0,0,0,1,0,1,0
761.8,1,0,0,0,0,0,1,0,0,0,1,0,4,0,0,2,0,0,0,0,8,0,0,0,0,0,0,0,0,0,0
432.1,1,0,0,0,0,1,0,0,0,1,0,0,4,2,0,0,0,0,0,0,2,4,0,0,0,0,0,0,0,0,0
482.2,1,0,0,0,0,0,1,1,0,0,1,0,6,0,0,0,0,0,0,1,5,1,0,0,0,0,0,1,0,0,0
731.08,0,1,0,0,0,1,0,0,0,1,0,0,6,0,0,0,0,0,0,0,6,0,0,0,0,0,0,0,0,0,0
683.34,0,1,0,0,0,0,1,0,0,0,1,0,5,1,0,0,0,0,0,0,4,1,0,1,0,0,0,0,0,0,0
696.28,0,1,0,0,0,1,0,0,0,0,1,0,5,1,0,0,0,0,0,0,6,1,0,0,0,0,0,0,0,0,0
613.44,0,1,0,0,0,1,0,0,0,1,0,0,6,0,0,0,0,0,0,0,5,1,0,0,0,0,0,0,0,0,0
647.8,1,0,0,0,1,0,1,1,0,0,1,0,6,0,0,0,0,0,0,1,6,0,0,0,0,0,0,1,0,1,0
710.68,0,1,0,0,0,1,0,0,0,1,0,0,6,0,0,0,0,0,0,0,3,3,0,1,0,0,0,0,0,0,0
732.34,0,1,0,0,0,1,0,0,0,1,0,0,6,0,0,0,0,0,0,0,5,0,0,0,0,0,0,0,0,1,0
709.72,0,1,0,0,0,1,0,0,0,1,0,0,5,1,0,0,0,0,0,0,0,3,2,1,0,0,0,0,0,0,1
722.98,0,1,0,0,0,1,0,0,0,1,0,0,6,0,0,0,0,0,0,0,6,0,0,0,0,0,0,0,0,1,0
694.3,0,1,0,0,0,1,0,0,0,1,0,0,6,0,0,0,0,0,0,0,6,0,0,0,0,0,0,0,0,0,0
725.2,1,0,0,0,0,1,0,0,0,1,0,0,6,0,0,0,0,0,0,0,3,0,0,0,0,0,0,0,0,1,0
281.4,1,0,0,0,0,0,1,1,0,1,0,0,5,1,0,0,0,0,0,1,5,0,0,0,0,0,0,1,0,0,0
414.2,1,0,0,0,0,0,1,1,0,1,0,0,4,2,0,0,0,0,0,0,3,1,0,0,0,0,0,1,0,0,0
621.0,0,1,0,0,1,0,1,1,0,0,1,0,6,0,0,0,0,0,0,1,5,0,0,0,0,0,0,1,0,1,0
717.18,0,1,0,0,0,0,1,0,0,0,1,0,6,0,0,0,0,0,0,0,7,0,0,0,0,0,0,0,0,0,0
577.32,0,1,0,0,1,0,1,1,0,0,1,0,4,1,0,1,0,0,0,1,2,2,0,1,0,0,0,1,0,1,0
718.12,0,1,0,0,0,1,0,0,0,0,1,0,5,1,0,0,0,0,0,0,0,0,1,0,0,0,0,0,0,0,0
770.75,1,0,0,0,0,1,0,0,0,1,0,0,6,0,0,0,0,0,0,0,3,1,1,0,0,0,0,0,0,1,0
738.0,0,1,0,0,0,1,0,0,0,0,1,0,6,0,0,0,0,0,0,0,7,0,0,0,0,0,0,0,0,0,0
614.28,0,1,0,0,0,0,1,1,0,0,1,0,5,1,0,0,0,0,0,0,5,2,0,0,0,0,0,0,0,0,0
601.4,0,1,0,0,0,0,1,1,0,1,0,0,3,3,0,0,0,0,0,0,1,1,0,1,0,0,0,0,0,0,0
703.58,0,1,0,0,0,0,1,1,0,0,1,0,6,0,0,0,0,0,0,1,6,0,0,0,0,0,0,1,0,0,0
544.8,1,0,0,0,0,0,1,1,0,0,1,0,4,0,0,2,0,0,0,0,5,1,0,1,0,0,0,0,0,0,0
544.1,0,1,0,0,1,0,1,0,0,1,0,0,2,2,2,0,0,0,0,0,4,0,1,0,0,0,0,0,0,1,0
663.16,0,1,0,0,1,0,1,0,0,1,0,0,8,1,0,1,0,0,0,0,5,1,1,1,0,0,0,0,0,1,0
697.1,1,0,0,0,0,1,0,0,0,0,1,0,6,0,0,0,0,0,0,0,6,0,0,0,0,0,0,0,0,0,0
666.5,1,0,0,0,0,1,0,0,0,1,0,0,6,0,0,0,0,0,0,0,6,0,0,0,0,0,0,0,0,0,0
539.3,1,0,0,0,0,1,0,0,0,1,0,0,3,2,1,0,0,0,0,0,3,1,1,0,0,0,0,0,0,0,0
650.52,0,1,0,0,1,0,1,1,0,1,0,0,6,0,0,0,0,0,0,1,4,2,0,0,0,0,0,1,0,0,1
567.8,1,0,0,0,0,0,1,1,0,0,1,0,6,0,0,0,0,0,0,1,7,0,0,0,0,0,0,1,0,0,0
787.4,1,0,0,0,0,1,0,0,0,0,1,0,5,1,0,0,0,0,0,0,6,0,0,0,0,0,0,0,0,0,0
630.78,0,1,0,0,1,0,1,1,0,1,0,0,4,2,0,0,0,0,0,0,0,1,1,0,0,0,0,0,0,1,0
646.54,0,1,0,0,0,0,1,1,0,0,1,0,5,1,0,0,0,0,0,1,3,3,0,0,0,0,0,1,0,0,0
725.06,0,1,0,0,0,0,1,0,0,0,1,0,6,0,0,0,0,0,0,0,4,2,1,0,0,0,0,0,0,0,0
662.5,1,0,0,0,0,0,1,0,0,1,0,0,4,2,0,0,0,0,0,0,0,1,1,0,0,0,0,0,0,0,0
557.3,1,0,0,0,0,1,0,0,0,0,1,0,4,2,0,0,0,0,0,0,3,1,1,0,0,0,0,0,0,0,0
449.7,1,0,0,0,1,0,1,1,0,0,1,0,4,2,0,0,0,0,0,1,4,2,0,0,0,0,0,1,0,1,0
869.8,1,0,0,0,0,1,0,0,0,0,1,0,6,0,0,0,0,0,0,0,5,0,0,0,0,0,0,0,0,0,0
669.94,0,1,0,0,0,0,1,0,0,1,0,0,9,0,0,0,0,0,0,0,4,2,0,0,0,0,0,0,0,0,0
731.88,0,1,0,0,0,1,0,0,0,1,0,0,6,0,0,0,0,0,0,0,6,0,0,0,0,0,0,0,0,0,0
723.46,0,1,0,0,0,1,0,0,0,0,1,0,6,0,0,0,0,0,0,0,6,0,0,0,0,0,0,0,0,0,0
596.62,0,1,0,0,1,0,1,1,0,1,0,0,5,1,0,0,0,0,0,0,1,3,0,1,0,0,0,0,0,0,1
649.24,0,1,0,0,1,0,1,0,0,0,1,0,5,1,0,0,0,0,0,0,3,2,0,0,0,0,0,0,0,1,0
714.88,0,1,0,0,0,1,0,0,0,1,0,0,6,0,0,0,0,0,0,0,7,0,0,0,0,0,0,0,0,1,0
668.3,1,0,0,0,0,1,0,0,0,0,1,0,6,0,0,0,0,0,0,0,5,1,0,0,0,0,0,0,0,0,0
419.4,1,0,0,0,0,1,0,0,0,1,0,0,4,2,0,0,0,0,0,0,1,4,0,0,0,0,0,0,0,0,0
605.1,1,0,0,0,0,1,0,0,0,0,1,0,6,0,0,0,0,0,0,0,8,0,0,0,0,0,0,0,0,0,0
684.6,0,1,0,0,0,0,1,1,0,0,1,0,6,0,0,0,0,0,0,1,6,0,0,0,0,0,0,1,0,0,0
670.26,0,1,0,0,0,0,1,0,0,1,0,0,6,0,0,0,0,0,0,0,6,0,0,0,0,0,0,0,0,0,0
375.0,1,0,0,0,0,0,1,1,0,0,1,0,6,0,0,0,0,0,0,0,7,0,0,0,0,0,0,1,0,0,0
747.4,0,1,0,0,0,1,0,0,0,1,0,0,4,2,0,0,0,0,0,0,6,1,0,0,0,0,0,0,0,0,0
697.1,0,1,0,0,0,1,0,0,0,1,0,0,6,0,0,0,0,0,0,0,4,2,1,0,0,0,0,0,0,0,0
859.15,1,0,0,0,0,1,0,0,0,1,0,0,4,1,1,0,0,0,0,0,0,2,2,0,0,0,0,0,0,0,0
543.8,0,1,0,0,1,0,1,1,0,1,0,0,4,2,0,0,0,0,0,0,2,3,0,0,0,0,0,0,0,0,1
498.5,1,0,0,0,0,1,0,0,0,1,0,0,4,2,0,0,0,0,0,0,3,2,0,0,0,0,0,0,0,1,0
664.7,0,1,0,0,0,1,0,0,0,1,0,0,6,0,0,0,0,0,0,0,4,1,0,1,0,0,0,0,0,0,0
635.0,1,0,0,0,0,1,0,0,0,1,0,0,6,0,0,0,0,0,0,0,6,0,0,0,0,0,0,0,0,0,0
746.8,1,0,0,0,0,1,0,0,0,1,0,0,6,0,0,0,0,0,0,0,6,0,0,0,0,0,0,0,0,0,0
578.58,0,1,0,0,1,0,1,1,0,0,1,0,15,3,0,0,0,0,0,0,2,2,0,0,0,0,0,1,0,1,0
681.45,1,0,0,0,0,1,0,0,0,0,1,0,6,0,0,0,0,0,0,0,6,0,0,0,0,0,0,0,0,0,0
597.1,1,0,0,0,0,1,0,0,0,0,1,0,6,0,0,0,0,0,0,0,5,2,0,0,0,0,0,0,1,0,0
791.55,1,0,0,0,0,1,0,0,0,1,0,0,4,2,0,0,0,0,0,0,4,2,0,0,0,0,0,0,0,0,0
712.8,1,0,0,0,1,0,1,0,0,1,0,0,6,0,0,0,0,0,0,0,7,0,0,0,0,0,0,0,0,1,0
626.34,0,1,0,0,1,0,1,1,0,1,0,0,6,0,0,0,0,0,0,0,7,0,0,0,0,0,0,1,0,1,0
834.4,1,0,0,0,0,1,0,0,0,0,1,0,6,0,0,0,0,0,0,0,5,0,0,0,0,0,0,0,0,0,0
712.78,0,1,0,0,0,1,0,0,0,0,1,0,5,1,0,0,0,0,0,0,0,2,3,1,0,0,0,0,0,0,0
694.18,0,1,0,0,0,1,0,0,0,1,0,0,6,0,0,0,0,0,0,0,1,4,1,0,0,0,0,0,0,0,0
524.0,1,0,0,0,0,0,1,0,0,1,0,0,5,1,0,0,0,0,0,0,5,2,0,0,0,0,0,0,1,0,0
668.28,0,1,0,0,1,0,1,0,0,1,0,0,6,0,0,0,0,0,0,0,6,0,0,0,0,0,0,0,0,1,0
667.66,0,1,0,0,0,0,1,0,0,1,0,0,8,2,0,1,0,0,0,0,4,1,0,1,0,0,0,0,0,0,0
638.1,1,0,0,0,0,0,1,0,0,1,0,0,6,0,0,0,0,0,0,0,5,1,0,0,0,0,0,0,0,0,0
698.0,0,1,0,0,0,1,0,0,0,1,0,0,6,0,0,0,0,0,0,0,7,0,0,0,0,0,0,0,0,0,0
714.0,0,1,0,0,0,1,0,0,0,0,1,0,6,0,0,0,0,0,0,0,7,0,0,0,0,0,0,0,0,0,0
714.8,1,0,0,0,0,1,0,0,0,1,0,0,6,0,0,0,0,0,0,0,6,0,0,0,0,0,0,0,0,0,0
613.9,1,0,0,0,0,1,0,0,0,1,0,0,6,0,0,0,0,0,0,0,4,2,0,0,0,0,0,0,0,1,0
542.3,0,1,0,0,0,1,0,0,0,0,1,0,1,2,0,0,0,0,0,0,1,3,0,0,0,0,0,0,0,0,0
877.1,1,0,0,0,0,1,0,0,0,1,0,0,6,0,0,0,0,0,0,0,6,0,0,0,0,0,1,0,0,0,0
825.6,1,0,0,0,0,0,1,1,0,1,0,0,5,1,0,0,0,0,0,1,7,0,0,0,0,0,0,1,0,0,0
746.18,0,1,0,0,0,1,0,0,0,1,0,0,6,0,0,0,0,0,0,0,5,0,0,0,0,0,0,0,0,0,0
575.8,1,0,0,0,0,1,0,0,0,1,0,0,6,0,0,0,0,0,0,0,4,2,0,0,0,0,0,0,0,0,0
730.54,0,1,0,0,0,1,0,0,0,0,1,0,6,0,0,0,0,0,0,0,4,2,0,0,0,0,0,0,0,0,0
634.72,0,1,0,0,1,0,1,0,0,1,0,0,8,0,0,0,0,0,0,0,6,0,0,0,0,0,0,0,0,1,0
659.02,0,1,0,0,1,0,1,0,0,1,0,0,6,0,0,0,0,0,0,0,6,1,0,0,0,0,0,1,0,1,0
437.2,1,0,0,0,0,0,1,1,0,1,0,0,3,3,0,0,0,0,0,0,0,4,0,0,0,0,0,0,0,0,0
824.1,1,0,0,0,0,1,0,0,0,1,0,0,6,0,0,0,0,0,0,0,0,5,0,0,0,0,0,0,1,0,0
701.84,0,1,0,0,0,0,1,0,0,1,0,0,6,0,0,0,0,0,0,0,6,0,0,0,0,0,0,0,0,0,0
684.12,0,1,0,0,1,0,1,0,0,1,0,0,6,0,0,0,0,0,0,0,6,0,0,0,0,0,0,0,0,1,0
572.48,0,1,0,0,1,0,1,1,0,1,0,0,3,3,0,0,0,0,0,0,5,1,0,0,0,0,0,1,0,0,1
448.5,1,0,0,0,0,0,1,1,0,0,1,0,4,2,0,0,0,0,0,0,4,2,0,1,0,0,0,0,0,0,0
634.72,0,1,0,0,1,0,1,1,0,0,1,0,8,0,0,0,0,0,0,1,7,0,0,0,0,0,0,1,0,1,0
636.52,0,1,0,0,1,0,1,1,0,0,1,0,3,2,1,0,0,0,0,1,7,0,0,2,0,0,0,1,0,0,1
635.82,0,1,0,0,1,0,1,1,0,1,0,0,6,0,0,0,0,0,0,1,5,0,0,0,0,0,0,1,0,1,0
967.8,1,0,0,0,0,1,0,0,0,1,0,0,6,0,0,0,0,0,0,0,6,0,0,0,0,0,1,0,0,0,0
653.28,0,1,0,0,0,0,1,0,0,1,0,0,13,0,0,0,0,0,0,0,7,0,0,0,0,0,0,0,0,0,0
668.58,0,1,0,0,0,0,1,1,0,0,1,0,4,0,0,2,0,0,0,0,4,0,0,0,0,0,0,0,0,0,0
550.24,0,1,0,0,0,0,1,0,0,0,1,0,5,1,0,0,0,0,0,0,2,2,0,0,0,0,0,0,0,0,0
661.5,0,1,0,0,0,0,1,1,0,1,0,0,6,0,0,0,0,0,0,0,6,0,0,0,0,0,0,0,0,0,0
759.65,1,0,0,0,0,1,0,0,0,0,1,0,6,0,0,0,0,0,0,0,7,0,0,0,0,0,0,0,0,0,0
729.6,1,0,0,0,0,1,0,0,0,1,0,0,6,0,0,0,0,0,0,0,4,1,0,0,0,0,0,0,0,0,0
695.6,0,1,0,0,0,1,0,0,0,0,1,0,12,0,0,0,0,0,0,0,3,2,0,1,0,0,0,0,0,0,0
711.78,0,1,0,0,1,0,1,0,0,1,0,0,6,0,0,0,0,0,0,0,7,0,0,0,0,0,0,0,0,1,0
732.52,0,1,0,0,0,1,0,0,0,1,0,0,1,5,0,0,0,0,0,0,1,0,0,2,0,0,0,0,0,0,0
724.32,0,1,0,0,0,1,0,0,0,0,1,0,6,0,0,0,0,0,0,0,5,0,0,0,0,0,0,0,0,0,0
709.5,1,0,0,0,0,1,0,0,0,0,1,0,6,0,0,0,0,0,0,0,6,0,0,0,0,0,0,0,0,0,0
784.1,1,0,0,0,0,1,0,0,0,0,1,0,6,0,0,0,0,0,0,1,7,0,0,0,0,0,0,1,0,0,0
825.9,1,0,0,0,0,1,0,0,0,0,1,0,6,0,0,0,0,0,0,0,6,0,0,0,0,0,0,0,0,0,0
827.65,1,0,0,0,0,1,0,0,0,1,0,0,6,0,0,0,0,0,0,0,4,1,0,0,0,0,0,0,0,0,0
726.42,0,1,0,0,0,0,1,0,0,1,0,0,6,0,0,0,0,0,0,0,6,0,0,0,0,0,0,0,0,0,0
653.05,1,0,0,0,0,0,1,0,0,0,1,0,6,0,0,0,0,0,0,0,6,0,0,0,0,0,0,0,0,0,0
710.92,0,1,0,0,0,1,0,0,0,0,1,0,6,0,0,0,0,0,0,0,0,0,0,5,0,0,0,0,0,0,0
657.02,0,1,0,0,1,0,1,0,0,1,0,0,6,0,0,0,0,0,0,0,5,0,0,0,0,0,0,0,0,1,0
712.3,0,1,0,0,0,1,0,0,0,1,0,0,6,0,0,0,0,0,0,0,0,0,0,5,0,0,0,0,0,0,0
532.7,1,0,0,0,0,1,0,0,0,1,0,0,4,2,0,0,0,0,0,0,3,3,0,0,0,0,0,0,0,0,0
902.3,1,0,0,0,0,1,0,0,0,1,0,0,6,0,0,0,0,0,0,0,4,2,0,0,0,0,0,0,0,0,0
406.9,1,0,0,0,1,0,1,0,0,0,1,0,6,1,0,0,0,0,0,1,2,3,0,1,0,0,0,1,0,1,0
609.26,0,1,0,0,1,0,1,1,0,1,0,0,3,3,0,0,0,0,0,0,2,3,0,1,0,0,0,1,0,0,1
745.98,0,1,0,0,0,1,0,0,0,1,0,0,5,0,0,0,0,0,0,0,5,0,0,0,0,0,0,0,0,0,0
734.92,0,1,0,0,0,1,0,0,0,1,0,0,7,0,0,0,0,0,0,0,7,0,0,0,0,0,0,0,0,0,0
363.0,1,0,0,0,1,0,1,1,0,1,0,0,5,1,0,0,0,0,0,0,5,1,0,0,0,0,0,1,0,1,0
632.9,0,1,0,0,0,1,0,0,0,0,1,0,3,3,0,0,0,0,0,0,3,2,0,0,0,0,0,0,0,0,0
684.8,1,0,0,0,1,0,1,1,0,0,1,0,4,2,0,0,0,0,0,1,2,1,0,0,0,0,0,1,0,1,0
592.9,1,0,0,0,0,1,0,0,0,0,1,0,5,1,0,0,0,0,0,0,5,0,0,0,0,0,0,0,0,0,0
489.5,1,0,0,0,1,0,1,0,0,0,1,0,6,0,0,0,0,0,0,0,6,0,0,0,0,0,0,0,0,1,0
667.86,0,1,0,0,1,0,1,0,0,1,0,0,3,3,0,0,0,0,0,0,1,0,0,4,0,0,0,0,0,1,0
667.6,1,0,0,0,0,1,0,0,0,1,0,0,6,0,0,0,0,0,0,0,6,0,0,0,0,0,0,0,0,1,0
646.5,0,1,0,0,1,0,1,1,0,1,0,0,6,0,0,0,0,0,0,1,4,2,0,0,0,0,0,1,0,1,0
761.75,1,0,0,0,0,1,0,0,0,1,0,0,6,0,0,0,0,0,0,0,5,0,0,0,0,0,0,0,0,0,0
732.3,0,1,0,0,0,1,0,0,0,1,0,0,6,0,0,0,0,0,0,0,6,0,0,0,0,0,0,0,0,0,0
841.0,1,0,0,0,0,1,0,0,0,1,0,0,6,0,0,0,0,0,0,0,5,0,0,1,0,0,0,0,0,1,0
698.7,0,1,0,0,0,0,1,0,0,1,0,0,6,0,0,0,0,0,0,0,7,0,0,0,0,0,0,0,0,0,0
637.3,1,0,0,0,0,1,0,0,0,1,0,0,6,0,0,0,0,0,0,0,7,0,0,0,0,0,0,0,0,0,0
668.72,0,1,0,0,0,1,0,0,0,1,0,0,5,1,0,0,0,0,0,0,1,3,0,0,0,0,0,0,0,1,0
698.25,1,0,0,0,0,1,0,0,0,0,1,0,5,1,0,0,0,0,0,0,2,2,0,1,0,0,0,0,0,0,0
718.22,0,1,0,0,0,1,0,0,0,1,0,0,6,0,0,0,0,0,0,0,7,0,0,0,0,0,0,0,0,0,0
713.62,0,1,0,0,0,1,0,0,0,1,0,0,6,0,0,0,0,0,0,0,6,0,0,0,0,0,0,0,0,0,0
567.18,0,1,0,0,1,0,1,1,0,1,0,0,2,2,2,0,0,0,0,0,0,3,1,0,0,0,0,0,0,1,0
688.1,1,0,0,0,0,0,1,0,0,1,0,0,6,0,0,0,0,0,0,0,7,0,0,2,0,0,0,0,0,0,0
638.3,0,1,0,0,1,0,1,1,0,1,0,0,11,0,0,0,0,0,0,0,7,1,0,0,0,0,0,0,0,1,0
651.58,0,1,0,0,1,0,1,1,0,0,1,0,5,1,0,0,0,0,0,1,3,3,0,1,0,0,0,1,0,1,0
652.42,0,1,0,0,0,0,1,1,0,0,1,0,7,0,0,0,0,0,0,0,8,1,0,1,0,0,0,1,0,0,0
692.08,0,1,0,0,0,0,1,1,0,0,1,0,6,0,0,0,0,0,0,0,2,0,0,3,0,0,0,0,0,0,0
858.1,1,0,0,0,0,1,0,0,0,1,0,0,6,0,0,0,0,0,0,0,5,2,0,0,0,0,0,0,0,0,0
710.64,0,1,0,0,0,1,0,0,0,1,0,0,6,0,0,0,0,0,0,0,6,0,0,0,0,0,0,0,0,0,0
639.4,1,0,0,0,0,1,0,0,0,1,0,0,4,2,0,0,0,0,0,0,3,3,0,0,0,0,0,0,0,0,0
652.9,0,1,0,0,0,1,0,0,0,1,0,0,6,0,0,0,0,0,0,0,4,2,0,0,0,0,0,0,0,0,0
618.86,0,1,0,0,1,0,1,0,0,1,0,0,4,2,0,0,0,0,0,0,3,2,0,2,0,0,0,0,0,1,0
755.5,1,0,0,0,0,1,0,0,0,0,1,0,6,0,0,0,0,0,0,0,7,0,0,0,0,0,0,0,0,0,0
626.64,0,1,0,0,1,0,1,1,0,0,1,0,5,1,0,0,0,0,0,1,3,2,0,1,0,0,0,1,0,1,0
793.5,1,0,0,0,0,1,0,0,0,0,1,0,6,0,0,0,0,0,0,0,7,0,0,0,0,0,0,0,0,0,0
792.8,1,0,0,0,0,0,1,0,0,1,0,0,6,0,0,0,0,0,0,0,6,1,0,0,0,0,0,0,0,0,0
484.5,1,0,0,0,0,0,1,1,0,1,0,0,6,0,0,0,0,0,0,0,6,1,0,1,0,0,0,0,0,0,0
664.25,1,0,0,0,0,0,1,0,0,1,0,0,6,0,0,0,0,0,0,0,5,0,0,0,0,0,0,0,0,0,0
711.4,1,0,0,0,0,1,0,0,0,1,0,0,5,1,0,0,0,0,0,0,3,1,0,0,0,0,0,0,0,0,0
488.3,1,0,0,0,0,1,0,0,0,0,1,0,6,0,0,0,0,0,0,0,6,0,0,0,0,0,0,0,0,0,0
915.0,1,0,0,0,0,1,0,0,0,0,1,0,6,0,0,0,0,0,0,0,4,2,0,0,0,0,0,0,0,0,0
717.98,0,1,0,0,0,1,0,0,0,0,1,0,6,0,0,0,0,0,0,0,6,0,0,0,0,0,0,0,0,0,0
570.36,0,1,0,0,1,0,1,1,0,1,0,0,3,2,0,1,0,0,0,1,2,3,0,0,0,0,0,1,0,1,0
761.4,0,1,0,0,0,1,0,0,0,0,1,0,6,0,0,0,0,0,0,1,5,0,0,0,0,0,0,1,0,0,0
850.45,1,0,0,0,0,1,0,0,0,1,0,0,6,0,0,0,0,0,0,0,5,0,0,0,0,0,0,0,0,0,0
740.15,1,0,0,0,0,1,0,0,0,0,1,0,6,0,0,0,0,0,0,0,5,0,0,0,0,0,0,0,0,0,0
725.18,0,1,0,0,0,0,1,0,0,0,1,0,6,0,0,0,0,0,0,0,5,0,0,0,0,0,0,0,0,0,0
632.6,1,0,0,0,0,1,0,0,0,1,0,0,6,0,0,0,0,0,0,0,5,0,0,0,0,0,0,0,0,0,0
653.94,0,1,0,0,1,0,1,0,0,1,0,0,6,0,0,0,0,0,0,0,7,0,0,0,0,0,0,0,0,1,0
849.8,1,0,0,0,0,1,0,0,0,1,0,0,6,0,0,0,0,0,0,0,6,0,0,0,0,0,0,0,0,1,0
701.4,0,1,0,0,0,1,0,0,0,1,0,0,6,0,0,0,0,0,0,0,6,0,0,0,0,0,0,0,0,1,0
722.14,0,1,0,0,0,1,0,0,0,1,0,0,6,0,0,0,0,0,0,0,6,0,0,0,0,0,0,0,0,1,0
728.5,1,0,0,0,0,1,0,0,0,1,0,0,6,0,0,0,0,0,0,0,6,0,0,0,0,0,0,0,0,0,0
745.3,1,0,0,0,0,0,1,1,0,0,1,0,6,0,0,0,0,0,0,0,8,0,0,0,0,0,0,1,0,0,0
185.0,1,0,0,0,0,1,0,0,0,0,1,0,4,2,0,0,0,0,0,0,4,1,0,0,0,0,0,0,0,1,0
524.74,0,1,0,0,1,0,1,1,0,0,1,0,6,0,0,0,0,0,0,1,6,1,0,1,0,0,0,1,0,1,0
719.1,0,1,0,0,0,1,0,0,0,0,1,0,4,0,0,0,0,0,0,0,6,0,0,0,0,0,0,0,0,0,0
639.28,0,1,0,0,1,0,1,1,0,0,1,0,6,0,0,0,0,0,0,1,7,0,0,0,0,0,0,1,0,1,0
692.75,1,0,0,0,0,1,0,0,0,0,1,0,2,2,2,0,0,0,0,0,3,3,0,0,0,0,0,0,0,0,0
555.74,0,1,0,0,0,0,1,1,0,0,1,0,6,0,0,0,0,0,0,1,3,2,0,0,0,0,0,1,0,0,0
633.26,0,1,0,0,1,0,1,1,0,0,1,0,6,0,0,0,0,0,0,1,5,1,0,0,0,0,0,1,0,1,0
698.92,0,1,0,0,0,1,0,0,0,1,0,0,6,0,0,0,0,0,0,0,0,0,0,5,0,0,0,0,0,0,0
694.0,1,0,0,0,0,1,0,0,0,1,0,0,6,0,0,0,0,0,0,1,5,0,0,0,0,0,0,1,0,0,0
770.1,1,0,0,0,0,1,0,0,0,1,0,0,6,0,0,0,0,0,0,0,6,0,0,0,0,0,0,0,0,0,0
794.98,0,1,0,0,0,1,0,0,0,1,0,0,6,0,0,0,0,0,0,0,5,1,0,0,0,0,0,0,0,0,0
602.95,1,0,0,0,0,1,0,0,0,0,1,0,5,0,0,0,0,0,0,0,4,0,0,0,0,0,0,0,0,0,0
574.6,0,1,0,0,1,0,1,1,0,1,0,0,5,1,0,0,0,0,0,0,6,1,0,0,0,0,0,1,0,1,0
524.0,1,0,0,0,0,1,0,0,0,0,1,0,4,2,0,0,0,0,0,0,2,3,1,0,0,0,0,0,0,0,0
474.55,1,0,0,0,0,0,1,1,0,0,1,0,5,1,0,0,0,0,0,0,6,0,0,0,0,0,0,1,0,1,0
665.55,1,0,0,0,0,1,0,0,0,1,0,0,6,0,0,0,0,0,0,0,6,0,0,0,0,0,0,0,0,0,0
0.0,1,0,0,0,1,0,1,1,0,0,1,0,4,2,0,0,0,0,0,1,1,3,0,0,0,0,0,1,0,1,0
704.84,0,1,0,0,0,1,0,0,0,0,1,0,6,0,0,0,0,0,0,0,6,0,0,0,0,0,0,0,0,1,0
733.34,0,1,0,0,0,1,0,0,0,1,0,0,6,0,0,0,0,0,0,0,6,0,0,0,0,0,0,0,0,0,0
707.36,0,1,0,0,0,1,0,0,0,1,0,0,5,1,0,0,0,0,0,0,3,3,1,0,0,0,0,0,1,0,0
718.72,0,1,0,0,0,1,0,0,0,1,0,0,6,0,0,0,0,0,0,0,7,0,0,0,0,0,0,0,0,0,0
701.08,0,1,0,0,0,1,0,0,0,0,1,0,6,0,0,0,0,0,0,0,6,0,0,0,0,0,0,0,0,0,0
1022.7,1,0,0,0,0,1,0,0,0,1,0,0,5,1,0,0,0,0,0,0,8,0,0,0,0,0,0,0,0,1,0
688.25,1,0,0,0,0,0,1,1,0,0,1,0,5,1,0,0,0,0,0,1,4,2,0,0,0,0,0,1,0,1,0
709.46,0,1,0,0,0,1,0,0,0,1,0,0,6,0,0,0,0,0,0,0,6,0,0,0,0,0,0,0,0,0,1
864.6,1,0,0,0,0,1,0,0,0,1,0,0,6,0,0,0,0,0,0,0,6,0,0,0,0,0,0,0,0,0,0
738.1,1,0,0,0,0,1,0,0,0,1,0,0,6,0,0,0,0,0,0,0,6,0,0,0,0,0,0,0,0,0,0
549.2,1,0,0,0,0,0,1,1,0,1,0,0,5,1,1,0,0,0,0,0,5,1,0,0,0,0,0,0,0,0,0
678.58,0,1,0,0,0,0,1,1,0,0,1,0,6,0,0,0,0,0,0,0,4,0,0,0,0,0,0,0,0,0,0
694.8,0,1,0,0,0,0,1,1,0,1,0,0,6,0,0,0,0,0,0,0,6,0,0,0,0,0,0,0,0,0,0
