NOTA_INGRESSO,TIPO_INGRESSO_PISM,TIPO_INGRESSO_SISU,TIPO_INGRESSO_VESTIBULAR,TIPO_INGRESSO_OUTROS,cota_racial,cota_ampla_concorrencia,cota_escola_publica,cota_renda,cota_pcd,genero_masculino,genero_feminino,genero_outros,periodo_1_disciplinas_aprovadas,periodo_1_disciplinas_reprovadas,periodo_1_disciplinas_ri,periodo_1_disciplinas_trancadas,periodo_1_disciplinas_outros_status,periodo_1_bolsa_remunerada,periodo_1_bolsa_n_remunerada,periodo_1_AE,periodo_2_disciplinas_aprovadas,periodo_2_disciplinas_reprovadas,periodo_2_disciplinas_ri,periodo_2_disciplinas_trancadas,periodo_2_disciplinas_outros_status,periodo_2_bolsa_remunerada,periodo_2_bolsa_n_remunerada,periodo_2_AE,periodo_3_disciplinas_aprovadas,periodo_3_disciplinas_reprovadas,periodo_3_disciplinas_ri,periodo_3_disciplinas_trancadas,periodo_3_disciplinas_outros_status,periodo_3_bolsa_remunerada,periodo_3_bolsa_n_remunerada,periodo_3_AE,periodo_4_disciplinas_aprovadas,periodo_4_disciplinas_reprovadas,periodo_4_disciplinas_ri,periodo_4_disciplinas_trancadas,periodo_4_disciplinas_outros_status,periodo_4_bolsa_remunerada,periodo_4_bolsa_n_remunerada,periodo_4_AE,etnia_BRANCA,etnia_OUTRA,etnia_PARDA,etnia_PRETA
868.05,1,0,0,0,0,1,0,0,0,0,1,0,4,0,0,1,0,0,0,0,5,0,0,0,0,0,0,0,7,0,0,0,0,0,0,0,8,0,0,0,0,0,0,0,1,0,0,0
842.8,1,0,0,0,0,1,0,0,0,0,1,0,8,0,0,0,0,0,0,0,7,0,0,0,0,0,0,0,6,0,0,0,0,0,0,0,7,0,0,0,0,0,0,0,1,0,0,0
690.96,0,1,0,0,0,1,0,0,0,0,1,0,6,0,0,0,0,0,0,0,7,0,0,0,0,1,0,0,7,0,0,0,0,1,0,0,7,0,0,0,0,0,0,1,0,0,1,0
968.4,1,0,0,0,0,1,0,0,0,1,0,0,8,0,0,0,0,0,0,0,8,0,0,1,0,0,0,0,7,0,0,0,0,1,0,0,9,0,0,0,0,0,0,0,1,0,0,0
840.15,1,0,0,0,0,1,0,0,0,0,1,0,6,0,0,1,0,0,0,0,6,0,0,0,0,0,0,0,8,0,0,0,0,0,0,0,8,0,0,0,0,0,0,0,1,0,0,0
856.3,1,0,0,0,0,1,0,0,0,0,1,0,5,2,0,0,0,0,0,0,2,2,2,1,0,0,0,0,3,1,0,2,0,0,0,0,1,1,0,1,0,0,0,0,0,0,0,1
665.58,0,1,0,0,0,0,1,1,0,1,0,0,5,1,0,0,0,0,0,0,8,0,0,0,0,0,0,1,7,0,0,0,0,0,0,1,7,1,0,0,0,1,0,1,0,0,0,1
857.1,1,0,0,0,0,1,0,0,0,0,1,0,8,0,0,0,0,0,0,0,8,0,0,0,0,0,0,0,7,0,0,0,0,0,0,0,8,0,0,0,0,1,0,0,1,0,0,0
742.84,0,1,0,0,0,1,0,0,0,0,1,0,5,2,0,0,0,0,0,0,1,0,0,6,0,0,0,0,5,0,1,0,0,0,0,0,0,0,0,7,0,0,0,0,1,0,0,0
618.1,0,1,0,0,0,1,0,0,0,0,1,0,3,0,0,0,0,0,0,0,1,0,0,0,0,0,0,0,6,0,0,0,0,0,0,0,4,0,0,1,0,0,0,0,0,0,0,1
635.14,0,1,0,0,1,0,1,1,0,0,1,0,4,0,0,1,0,0,0,0,7,0,0,0,0,0,0,0,7,0,0,0,0,0,0,0,8,0,0,0,0,0,0,1,0,0,0,1
705.6,0,1,0,0,0,1,0,0,0,0,1,0,6,0,0,0,0,0,0,0,5,1,0,0,0,0,0,0,7,0,0,0,0,0,0,0,7,0,0,0,0,0,0,0,1,0,0,0
868.6,1,0,0,0,0,1,0,0,0,0,1,0,4,0,0,0,0,0,0,0,5,0,0,0,0,0,0,0,7,0,0,0,0,0,0,0,7,0,0,1,0,0,0,0,1,0,0,0
855.35,1,0,0,0,0,1,0,0,0,0,1,0,4,0,0,0,0,0,0,0,5,0,0,0,0,0,0,0,7,0,0,0,0,0,0,0,6,0,0,2,0,0,0,0,1,0,0,0
801.5,1,0,0,0,0,0,1,0,0,0,1,0,7,2,0,0,0,0,0,0,5,1,0,1,0,0,0,0,5,0,0,0,0,1,0,0,4,0,0,0,0,1,0,0,1,0,0,0
715.74,0,1,0,0,0,1,0,0,0,0,1,0,7,0,0,0,0,0,0,0,8,0,0,0,0,0,0,0,7,0,0,0,0,0,0,0,9,0,0,0,0,0,0,0,1,0,0,0
788.12,0,1,0,0,0,1,0,0,0,1,0,0,8,0,0,0,0,0,0,0,7,0,0,1,0,1,0,0,4,0,0,0,0,0,1,0,5,0,0,0,0,0,0,0,1,0,0,0
415.9,1,0,0,0,1,0,1,0,0,0,1,0,4,2,0,0,0,0,0,0,5,1,0,1,0,0,0,0,8,0,0,0,0,0,0,0,9,0,0,0,0,0,0,0,0,0,0,1
650.08,0,1,0,0,1,0,1,1,0,0,1,0,6,0,0,0,0,0,0,1,7,0,0,0,0,0,0,1,6,0,0,0,0,0,0,0,6,0,0,1,0,0,0,0,0,0,1,0
620.45,1,0,0,0,1,0,1,1,0,0,1,0,4,0,0,1,0,0,0,0,6,0,0,0,0,0,0,0,7,0,0,0,0,0,0,0,4,2,0,2,0,0,0,0,0,0,1,0
808.15,1,0,0,0,0,1,0,0,0,0,1,0,6,0,0,0,0,0,0,0,6,0,0,0,0,0,0,0,8,0,0,0,0,0,0,0,8,0,0,0,0,0,0,0,1,0,0,0
682.92,0,1,0,0,1,0,1,0,0,0,1,0,6,0,0,0,0,1,0,0,7,0,0,0,0,1,0,0,8,0,0,0,0,1,0,0,9,0,0,0,0,1,0,0,0,0,1,0
580.65,1,0,0,0,0,0,1,1,0,0,1,0,6,1,1,0,0,0,0,1,8,0,0,0,0,1,0,1,6,0,0,1,0,1,0,1,5,1,1,1,0,1,0,1,1,0,0,0
704.28,0,1,0,0,0,1,0,0,0,0,1,0,6,0,0,0,0,0,0,0,9,0,0,0,0,0,0,1,6,0,0,0,0,0,0,1,7,0,0,0,0,1,0,1,1,0,0,0
726.4,0,1,0,0,0,0,1,0,0,0,1,0,6,0,0,0,0,0,0,0,10,0,0,0,0,0,0,0,8,0,0,0,0,0,0,0,8,0,0,0,0,1,0,0,1,0,0,0
731.7,0,1,0,0,0,1,0,0,0,0,1,0,7,0,0,0,0,0,0,0,5,0,0,3,0,1,0,0,8,0,0,0,0,0,0,0,9,0,0,0,0,0,0,0,0,0,1,0
585.8,1,0,0,0,1,0,1,1,0,0,1,0,6,0,0,0,0,0,0,0,5,0,0,1,0,0,0,0,5,0,1,0,0,0,0,0,8,0,0,1,0,0,0,1,0,0,0,1
827.5,1,0,0,0,0,1,0,0,0,0,1,0,7,0,0,0,0,0,0,0,8,0,0,0,0,0,0,0,7,0,0,0,0,0,0,0,9,0,0,0,0,0,0,0,1,0,0,0
706.92,0,1,0,0,0,1,0,0,0,1,0,0,13,2,0,0,0,0,0,0,3,0,0,1,0,0,0,0,4,0,0,0,0,0,0,0,6,0,0,0,0,0,0,0,1,0,0,0
699.8,0,1,0,0,1,0,1,0,0,0,1,0,11,0,0,0,0,0,0,0,4,1,1,1,0,0,0,0,2,0,0,2,0,0,0,0,0,0,0,1,0,0,0,0,0,0,0,1
662.3,1,0,0,0,1,0,1,0,0,0,1,0,8,0,0,0,0,0,0,0,7,0,0,0,0,0,0,0,6,0,0,0,0,0,0,1,9,0,0,0,0,0,0,1,0,0,1,0
634.9,0,1,0,0,1,0,1,0,0,0,1,0,8,0,0,0,0,0,0,0,6,1,0,0,0,0,0,0,4,0,0,0,0,0,0,0,6,0,0,0,0,0,0,0,0,0,1,0
676.22,0,1,0,0,1,0,1,0,0,1,0,0,6,0,0,0,0,0,0,0,6,1,0,1,0,0,0,0,7,0,0,1,0,0,0,0,6,0,0,1,0,0,0,0,0,0,1,0
675.04,0,1,0,0,1,0,1,1,0,0,1,0,6,0,0,0,0,0,0,1,7,0,0,0,0,0,0,1,8,0,0,0,0,0,0,1,7,0,0,0,0,0,0,1,0,0,0,1
715.42,0,1,0,0,0,1,0,0,0,0,1,0,6,0,0,0,0,0,0,0,6,0,0,0,0,0,0,0,7,0,0,0,0,0,0,0,8,0,0,0,0,0,0,0,1,0,0,0
438.6,1,0,0,0,1,0,1,1,0,0,1,0,2,2,2,0,0,0,0,1,0,1,1,3,0,0,0,1,0,1,0,3,0,0,0,0,0,1,1,0,0,0,0,0,0,0,0,1
639.56,0,1,0,0,0,0,1,1,1,0,1,0,6,0,0,0,0,0,0,0,5,0,1,0,0,0,0,0,3,2,1,0,0,0,0,0,5,1,1,0,0,0,0,0,1,0,0,0
625.3,0,1,0,0,1,0,1,0,0,0,1,0,6,0,0,0,0,0,0,0,6,0,0,0,0,1,0,1,6,0,0,0,0,1,0,1,8,0,0,0,0,1,0,1,0,0,1,0
594.76,0,1,0,0,0,1,0,0,0,0,1,0,5,0,0,0,0,0,0,0,4,0,0,2,0,0,0,0,5,0,0,1,0,0,0,0,3,0,0,1,0,0,0,1,1,0,0,0
751.52,0,1,0,0,0,1,0,0,0,0,1,0,8,0,0,0,0,0,0,0,8,0,0,0,0,0,0,0,4,0,0,0,0,0,0,0,5,0,0,0,0,0,0,0,1,0,0,0
743.4,1,0,0,0,0,1,0,0,0,1,0,0,6,0,0,0,0,0,0,0,8,0,0,0,0,0,0,0,7,1,0,0,0,0,0,0,6,0,0,0,0,0,0,1,1,0,0,0
693.24,0,1,0,0,1,0,1,0,0,1,0,0,5,1,0,0,0,0,0,0,5,2,0,1,0,0,0,0,4,0,0,1,0,0,0,0,6,0,0,0,0,0,0,0,0,0,1,0
622.82,0,1,0,0,1,0,1,1,0,0,1,0,13,0,0,1,0,0,0,0,5,0,0,0,0,0,0,0,7,0,0,0,0,0,0,0,6,0,0,0,0,0,0,0,0,0,0,1
641.14,0,1,0,0,1,0,1,1,0,0,1,0,4,0,0,3,0,0,0,0,0,1,3,1,0,0,0,0,0,0,0,4,0,0,0,0,0,0,0,4,0,0,0,0,0,0,0,1
625.0,1,0,0,0,1,0,1,1,0,0,1,0,6,0,0,0,0,0,0,0,5,1,0,0,0,0,0,1,7,1,0,0,0,0,0,1,6,0,0,0,0,0,0,0,0,0,0,1
700.68,0,1,0,0,0,0,1,1,0,0,1,0,6,0,0,0,0,0,0,0,6,0,0,0,0,0,0,1,7,0,0,0,0,0,0,1,8,0,0,0,0,1,0,1,1,0,0,0
599.6,1,0,0,0,1,0,1,0,0,0,1,0,4,0,0,0,0,0,0,0,5,0,0,0,0,0,0,0,6,0,0,0,0,0,0,0,10,0,0,0,0,0,0,0,0,0,1,0
618.16,0,1,0,0,1,0,1,0,0,0,1,0,6,0,0,0,0,0,0,0,6,1,0,0,0,0,0,1,6,1,0,0,0,0,0,1,7,0,0,0,0,0,0,0,0,0,0,1
715.82,0,1,0,0,1,0,1,0,0,0,1,0,6,2,0,0,0,0,0,0,7,0,0,0,0,0,0,0,4,0,0,0,0,0,0,0,5,0,0,0,0,0,0,0,0,0,1,0
789.7,1,0,0,0,0,1,0,0,0,0,1,0,6,0,0,0,0,0,0,0,6,0,0,1,0,0,0,0,7,1,0,0,0,0,0,0,8,0,0,0,0,0,0,0,0,0,1,0
711.48,0,1,0,0,0,1,0,0,0,0,1,0,6,0,0,0,0,0,0,0,7,0,0,0,0,0,0,0,9,0,0,0,0,0,1,0,7,0,0,0,0,0,0,0,1,0,0,0
594.1,1,0,0,0,1,0,1,1,0,0,1,0,6,0,0,0,0,0,0,1,7,0,0,0,0,0,0,1,6,0,0,0,0,0,0,1,7,0,0,0,0,0,0,1,0,0,1,0
870.75,1,0,0,0,0,1,0,0,0,0,1,0,8,0,0,0,0,0,0,0,7,0,0,0,0,0,0,0,4,0,0,0,0,0,1,0,5,0,0,0,0,0,1,0,1,0,0,0
918.1,1,0,0,0,0,1,0,0,0,1,0,0,7,0,0,0,0,0,0,0,8,0,0,0,0,0,0,0,7,0,0,0,0,0,0,0,8,0,0,0,0,0,0,0,1,0,0,0
644.34,0,1,0,0,1,0,1,1,0,0,1,0,7,0,0,0,0,0,0,1,7,0,0,0,0,0,0,1,6,0,0,1,0,0,0,1,9,0,0,0,0,0,0,1,0,0,1,0
841.5,1,0,0,0,0,1,0,0,0,1,0,0,4,0,0,1,0,0,0,0,5,0,0,0,0,0,0,0,7,0,0,0,0,0,0,0,7,0,0,0,0,0,0,0,1,0,0,0
861.0,1,0,0,0,0,1,0,0,0,0,1,0,7,0,0,0,0,0,0,1,8,0,0,0,0,0,0,1,7,0,0,1,0,0,0,1,8,0,0,0,0,0,0,1,1,0,0,0
680.04,0,1,0,0,0,1,0,0,0,0,1,0,6,0,0,0,0,0,0,0,8,0,0,0,0,0,0,0,8,0,0,0,0,0,0,0,7,0,0,0,0,1,0,0,0,0,1,0
649.42,0,1,0,0,0,0,1,1,0,0,1,0,6,0,0,0,0,0,0,0,7,0,0,0,0,0,0,0,8,0,0,0,0,0,0,0,7,0,0,0,0,0,0,0,1,0,0,0
820.5,1,0,0,0,0,1,0,0,0,0,1,0,6,0,0,0,0,0,0,0,8,0,0,0,0,0,0,0,7,0,0,0,0,0,0,0,7,0,0,0,0,0,0,0,1,0,0,0
724.8,0,1,0,0,0,1,0,0,0,1,0,0,4,1,1,0,0,0,0,0,6,0,1,0,0,0,0,0,5,1,0,0,0,0,0,0,3,0,2,0,0,0,0,0,0,0,1,0
722.96,0,1,0,0,0,0,1,0,0,0,1,0,5,0,0,2,0,0,0,0,6,0,0,0,0,0,0,0,5,0,0,0,0,0,0,0,5,0,0,1,0,0,0,0,0,0,1,0
553.6,1,0,0,0,0,0,1,1,0,0,1,0,6,0,0,0,0,0,0,0,7,0,1,0,0,0,0,0,2,0,0,6,0,1,0,0,7,0,0,0,0,1,0,0,1,0,0,0
835.0,1,0,0,0,0,1,0,0,0,0,1,0,6,0,0,0,0,0,0,0,8,0,0,0,0,0,0,0,7,0,0,0,0,0,0,0,7,0,0,0,0,1,0,0,1,0,0,0
726.96,0,1,0,0,0,1,0,0,0,0,1,0,6,0,0,0,0,0,0,0,6,1,0,0,0,0,0,0,8,0,0,0,0,0,0,0,7,0,0,1,0,0,0,0,1,0,0,0
748.6,1,0,0,0,0,1,0,0,0,0,1,0,6,0,0,0,0,0,0,0,8,0,0,0,0,0,0,0,8,0,0,0,0,1,0,0,7,0,0,0,0,1,0,1,1,0,0,0
910.85,1,0,0,0,0,1,0,0,0,0,1,0,4,0,0,1,0,0,0,0,5,0,0,0,0,0,0,0,7,0,0,0,0,0,0,0,7,0,0,0,0,0,0,0,1,0,0,0
672.8,0,1,0,0,1,0,1,0,0,1,0,0,7,0,0,0,0,0,0,0,9,0,0,0,0,0,0,0,3,0,1,0,0,0,0,0,5,3,0,0,0,0,0,0,0,0,1,0
689.22,0,1,0,0,1,0,1,1,0,0,1,0,5,1,0,0,0,0,0,1,6,1,0,2,0,0,0,1,6,0,0,0,0,0,0,1,7,0,0,0,0,1,0,1,0,0,1,0
674.24,0,1,0,0,1,0,1,1,0,0,1,0,6,0,0,0,0,0,0,1,7,0,0,0,0,0,0,1,7,0,0,0,0,0,0,1,6,0,0,0,0,0,0,1,0,0,1,0
714.1,0,1,0,0,0,0,1,1,0,0,1,0,6,0,0,1,0,0,0,0,7,0,0,0,0,0,0,1,7,0,0,0,0,1,0,1,7,0,0,1,0,0,1,1,1,0,0,0
737.18,0,1,0,0,0,0,1,0,0,0,1,0,4,0,0,1,0,0,0,0,6,0,0,0,0,0,0,0,7,0,0,0,0,0,0,0,7,0,0,0,0,0,0,0,1,0,0,0
753.28,0,1,0,0,0,1,0,0,0,0,1,0,8,0,0,0,0,0,0,0,7,0,0,0,0,0,0,0,5,0,0,0,0,1,0,0,6,0,0,0,0,1,0,0,1,0,0,0
496.7,1,0,0,0,0,0,1,1,0,0,1,0,4,2,0,0,0,1,0,1,7,1,0,1,0,0,0,1,9,0,0,0,0,0,0,1,9,0,0,0,0,1,0,1,0,0,1,0
711.22,0,1,0,0,1,0,1,0,0,0,1,0,6,0,0,0,0,0,0,0,6,0,0,0,0,0,0,0,6,0,0,1,0,0,0,0,8,0,0,0,0,1,0,0,0,0,1,0
714.64,0,1,0,0,0,0,1,0,0,0,1,0,4,0,0,0,0,0,0,0,6,0,0,0,0,0,0,0,6,0,0,0,0,0,0,0,8,0,0,0,0,0,0,0,1,0,0,0
780.9,1,0,0,0,0,0,1,0,0,1,0,0,8,0,0,0,0,0,0,0,7,0,0,0,0,0,0,0,4,0,0,0,0,0,1,0,5,0,0,0,0,0,1,0,0,0,1,0
708.24,0,1,0,0,0,1,0,0,0,0,1,0,6,0,0,0,0,0,0,0,7,0,0,0,0,1,0,0,7,0,0,0,0,0,0,0,8,0,0,1,0,0,0,0,1,0,0,0
654.88,0,1,0,0,1,0,1,1,0,0,1,0,5,1,0,0,0,0,0,0,4,0,2,0,0,0,0,0,2,4,0,0,0,0,0,0,1,3,1,0,0,0,0,0,0,0,1,0
831.6,1,0,0,0,0,1,0,0,0,0,1,0,6,0,0,0,0,0,0,0,8,0,0,0,0,0,1,0,8,0,0,0,0,0,1,0,8,0,0,0,0,0,1,1,1,0,0,0
715.88,0,1,0,0,0,0,1,0,0,0,1,0,5,1,0,0,0,0,0,0,4,1,1,0,0,0,0,0,7,0,0,2,0,0,0,0,8,0,0,0,0,0,0,0,1,0,0,0
626.92,0,1,0,0,0,0,1,1,0,0,1,0,6,0,0,0,0,0,0,0,8,0,0,0,0,0,0,0,7,0,0,0,0,0,0,0,6,0,0,1,0,0,0,0,1,0,0,0
685.32,0,1,0,0,0,0,1,0,0,0,1,0,2,0,0,5,0,0,0,0,1,1,0,2,0,0,0,0,0,1,1,0,0,0,0,0,3,0,1,3,0,0,0,0,1,0,0,0
809.8,1,0,0,0,0,1,0,0,0,0,1,0,6,0,0,0,0,0,0,0,6,0,0,0,0,0,0,0,8,0,0,0,0,1,0,0,7,0,0,0,0,1,0,0,0,0,1,0
625.8,0,1,0,0,1,0,1,1,0,0,1,0,6,0,0,0,0,0,0,0,7,0,0,0,0,0,0,1,7,0,0,0,0,1,0,1,7,0,0,0,0,1,0,1,0,0,1,0
894.85,1,0,0,0,0,1,0,0,0,0,1,0,8,0,0,0,0,0,0,0,8,0,0,0,0,0,0,0,4,0,0,0,0,1,0,0,5,0,0,0,0,1,0,0,1,0,0,0
746.34,0,1,0,0,0,1,0,0,0,0,1,0,8,0,0,0,0,0,0,0,8,0,0,0,0,0,0,0,7,0,0,0,0,0,0,0,6,0,0,0,0,0,0,0,1,0,0,0
923.1,1,0,0,0,0,1,0,0,0,0,1,0,8,0,0,0,0,0,0,0,8,0,0,0,0,0,0,0,7,0,0,0,0,0,0,0,8,0,0,1,0,0,0,0,1,0,0,0
698.8,1,0,0,0,0,0,1,1,0,0,1,0,6,0,0,0,0,0,0,0,6,0,0,0,0,0,0,0,5,1,0,0,0,0,0,0,8,0,0,0,0,1,0,1,1,0,0,0
857.75,1,0,0,0,0,1,0,0,0,0,1,0,6,0,0,2,0,0,0,0,6,0,0,0,0,0,0,0,6,0,0,0,0,0,0,0,8,0,0,0,0,0,0,0,1,0,0,0
838.5,1,0,0,0,0,1,0,0,0,1,0,0,8,0,0,0,0,0,0,0,7,0,0,0,0,0,0,0,6,1,0,0,0,1,0,0,7,1,0,0,0,1,0,0,1,0,0,0
701.24,0,1,0,0,0,0,1,1,0,0,1,0,7,0,0,0,0,0,0,0,8,0,0,0,0,1,0,0,7,0,0,0,0,1,0,0,8,0,0,0,0,1,0,0,1,0,0,0
661.52,0,1,0,0,0,0,1,0,0,1,0,0,6,0,0,0,0,0,0,0,7,0,1,1,0,0,0,1,6,0,0,0,0,1,0,1,6,0,0,0,0,1,0,0,0,0,1,0
717.36,0,1,0,0,0,1,0,0,0,0,1,0,6,0,0,0,0,0,0,0,6,1,0,0,0,0,0,0,7,0,0,0,0,0,0,0,8,0,0,0,0,1,0,0,1,0,0,0
702.34,0,1,0,0,0,0,1,0,0,0,1,0,7,0,0,0,0,0,0,0,7,0,0,0,0,0,0,0,7,0,0,0,0,0,0,0,9,0,0,0,0,0,0,0,1,0,0,0
801.9,1,0,0,0,0,0,1,0,0,0,1,0,8,0,0,0,0,0,0,0,6,0,0,1,0,0,0,0,4,0,0,0,0,0,0,0,5,0,0,0,0,0,0,0,1,0,0,0
508.9,1,0,0,0,1,0,1,0,0,0,1,0,7,0,0,0,0,0,0,0,8,0,0,0,0,0,0,0,7,0,0,0,0,0,0,0,10,0,0,0,0,0,0,0,0,0,0,1
681.7,0,1,0,0,1,0,1,1,0,1,0,0,7,0,0,0,0,0,0,1,9,0,0,0,0,0,0,1,8,0,0,0,0,0,0,1,8,0,0,0,0,0,0,1,0,0,1,0
709.4,0,1,0,0,0,1,0,0,0,0,1,0,5,1,0,0,0,0,0,0,8,0,0,0,0,0,0,0,6,0,0,1,0,1,0,0,7,0,0,0,0,1,0,0,1,0,0,0
790.3,1,0,0,0,0,1,0,0,0,0,1,0,7,0,0,1,0,0,0,0,6,0,0,1,0,0,0,0,6,0,0,0,0,0,0,0,8,0,0,0,0,0,0,0,1,0,0,0
571.6,1,0,0,0,1,0,1,0,0,1,0,0,8,0,0,0,0,0,0,0,7,0,0,0,0,0,0,0,4,0,0,0,0,0,0,0,5,0,0,0,0,0,0,0,0,0,0,1
684.6,1,0,0,0,0,1,0,0,0,0,1,0,6,0,0,0,0,0,0,0,6,0,0,1,0,0,0,0,6,0,0,0,0,1,0,1,8,0,0,0,0,1,0,1,1,0,0,0
683.3,0,1,0,0,1,0,1,0,0,0,1,0,6,0,0,0,0,0,0,0,7,1,0,0,0,0,0,0,7,0,0,0,0,0,0,0,7,2,0,0,0,1,0,0,0,0,0,1
588.88,0,1,0,0,0,0,1,1,0,0,1,0,10,2,1,0,0,0,0,0,4,1,0,1,0,0,0,0,3,0,2,3,0,0,0,0,5,0,0,0,0,0,0,0,1,0,0,0
883.25,1,0,0,0,1,0,1,0,0,0,1,0,5,1,0,0,0,0,0,0,9,0,0,0,0,0,0,0,6,0,0,1,0,0,0,0,5,0,0,0,0,1,0,0,0,0,1,0
856.2,1,0,0,0,1,0,1,1,0,1,0,0,8,0,0,0,0,0,0,0,7,0,0,0,0,0,0,0,4,0,0,0,0,0,0,0,4,0,0,1,0,0,0,0,0,0,0,1
738.56,0,1,0,0,0,1,0,0,0,0,1,0,8,0,0,0,0,0,0,0,7,0,0,0,0,0,0,0,8,0,0,0,0,0,0,0,7,0,0,0,0,1,0,0,0,0,1,0
713.6,1,0,0,0,0,1,0,0,0,0,1,0,6,0,0,0,0,0,0,0,7,0,0,0,0,0,0,0,6,0,1,0,0,0,0,0,8,0,0,1,0,0,0,0,1,0,0,0
670.9,0,1,0,0,1,0,1,1,0,1,0,0,6,0,0,0,0,0,0,0,6,0,0,1,0,0,0,1,4,0,0,1,0,0,0,1,4,1,0,0,0,0,0,1,0,0,1,0
598.3,1,0,0,0,1,0,1,1,0,0,1,0,8,0,0,0,0,0,0,0,7,0,0,0,0,0,0,0,6,0,0,1,0,0,0,1,7,0,0,0,0,0,0,1,0,0,1,0
782.9,1,0,0,0,0,0,1,0,0,0,1,0,8,0,0,0,0,0,0,0,6,0,0,1,0,0,0,0,6,0,0,0,0,0,0,0,7,0,0,0,0,0,0,0,1,0,0,0
702.52,0,1,0,0,0,0,1,1,0,0,1,0,6,0,0,0,0,0,0,1,5,1,0,2,0,0,0,1,6,0,0,0,0,0,0,1,8,0,0,0,0,0,0,1,1,0,0,0
583.9,1,0,0,0,1,0,1,1,0,0,1,0,7,0,0,0,0,0,0,0,6,0,0,0,0,0,0,0,8,0,0,0,0,0,0,0,8,0,0,0,0,1,0,1,0,0,1,0
729.44,0,1,0,0,0,1,0,0,0,0,1,0,6,0,0,0,0,0,0,0,9,0,0,0,0,0,0,0,6,0,0,0,0,0,0,0,7,0,0,0,0,1,0,1,0,0,0,1
451.4,1,0,0,0,1,0,1,0,0,0,1,0,6,0,0,0,0,0,0,0,5,1,0,0,0,0,0,1,2,0,0,1,0,0,0,1,4,0,0,0,0,0,0,0,0,0,1,0
736.72,0,1,0,0,0,1,0,0,0,0,1,0,7,1,0,0,0,0,0,0,8,0,0,0,0,0,0,0,7,0,0,0,0,0,0,0,8,0,0,0,0,0,0,0,1,0,0,0
491.6,1,0,0,0,0,1,0,0,0,0,1,0,5,1,0,0,0,0,0,0,5,1,0,1,0,0,0,0,5,1,0,0,0,0,0,0,9,0,0,2,0,0,0,1,1,0,0,0
663.98,0,1,0,0,1,0,1,0,0,0,1,0,6,0,0,0,0,0,0,0,7,0,0,1,0,0,0,1,7,0,0,0,0,0,0,1,8,0,0,0,0,1,0,1,0,0,1,0
802.9,1,0,0,0,0,1,0,0,0,0,1,0,5,2,0,0,0,0,0,0,5,1,1,0,0,0,0,0,2,1,1,1,0,0,0,0,3,1,1,0,0,0,0,0,1,0,0,0
987.5,1,0,0,0,0,1,0,0,0,1,0,0,6,0,0,0,0,0,0,0,7,0,0,0,0,0,1,0,7,0,0,0,0,0,1,0,7,0,0,0,0,0,1,0,0,1,0,0
745.7,1,0,0,0,1,0,1,0,0,0,1,0,6,0,0,0,0,0,0,1,7,0,0,0,0,0,0,1,5,0,0,2,0,1,0,1,6,0,0,0,0,1,0,1,0,0,0,1
735.66,0,1,0,0,0,1,0,0,0,0,1,0,6,0,0,0,0,0,0,0,8,0,0,0,0,0,0,0,7,0,0,0,0,0,0,0,7,0,0,0,0,0,0,0,1,0,0,0
725.66,0,1,0,0,1,0,1,1,0,0,1,0,8,0,0,0,0,0,0,1,7,0,0,0,0,0,0,1,4,0,0,0,0,0,0,1,5,0,0,0,0,0,0,1,0,0,1,0
691.14,0,1,0,0,0,1,0,0,0,0,1,0,6,0,0,0,0,0,0,0,7,0,0,0,0,0,0,0,7,0,0,0,0,0,0,0,8,0,0,0,0,0,0,0,1,0,0,0
612.5,1,0,0,0,1,0,1,0,0,0,1,0,6,0,0,0,0,0,0,0,6,0,0,0,0,0,0,0,5,0,0,0,0,0,0,0,8,0,0,0,0,0,1,0,0,0,0,1
453.5,1,0,0,0,1,0,1,1,0,0,1,0,7,0,0,0,0,0,0,1,6,1,0,0,0,0,0,1,7,0,0,1,0,0,0,1,8,0,0,0,0,0,0,1,0,0,1,0
734.8,1,0,0,0,0,1,0,0,0,0,1,0,6,0,0,0,0,0,0,0,7,0,0,0,0,0,0,1,7,0,0,0,0,0,1,1,8,0,0,0,0,0,1,1,0,0,1,0
644.06,0,1,0,0,0,1,0,0,0,0,1,0,5,0,0,0,0,0,0,0,3,0,0,0,0,0,0,0,5,0,0,0,0,0,0,0,4,0,0,0,0,0,0,0,1,0,0,0
740.55,1,0,0,0,0,0,1,1,0,0,1,0,6,0,0,0,0,0,0,0,7,0,0,0,0,0,0,0,6,0,0,0,0,0,0,0,8,0,0,0,0,1,0,0,1,0,0,0
572.1,1,0,0,0,0,1,0,0,0,1,0,0,5,1,0,0,0,0,0,0,6,1,0,0,0,0,0,0,8,0,0,0,0,0,0,0,9,0,0,0,0,0,0,0,1,0,0,0
671.12,0,1,0,0,0,1,0,0,0,0,1,0,5,1,0,0,0,0,0,0,4,2,0,0,0,0,0,0,3,0,1,1,0,0,0,0,4,0,0,1,0,0,0,0,1,0,0,0
565.4,1,0,0,0,0,0,1,1,0,1,0,0,5,1,0,0,0,0,0,1,5,0,1,0,0,0,0,1,3,0,0,4,0,0,0,1,5,1,0,0,0,0,0,1,0,0,1,0
1002.3,1,0,0,0,0,1,0,0,0,0,1,0,7,0,0,0,0,0,0,0,7,0,0,0,0,0,0,0,8,0,0,0,0,0,0,0,8,0,0,0,0,1,0,0,0,0,0,1
717.22,0,1,0,0,0,0,1,1,0,0,1,0,8,0,0,0,0,0,0,1,8,0,0,0,0,0,0,1,5,0,0,0,0,1,0,1,4,0,0,0,0,1,0,1,1,0,0,0
693.32,0,1,0,0,1,0,1,1,0,1,0,0,7,0,0,0,0,0,0,0,7,0,0,0,0,0,0,0,7,0,0,0,0,0,0,0,7,0,0,0,0,0,0,1,0,0,1,0
858.6,1,0,0,0,0,1,0,0,0,0,1,0,8,0,0,0,0,0,0,0,8,0,0,0,0,0,0,0,7,0,0,0,0,0,0,0,8,0,0,0,0,0,0,0,1,0,0,0
671.1,0,1,0,0,1,0,1,1,0,1,0,0,24,0,0,0,0,0,0,0,8,0,0,0,0,0,0,0,9,0,0,0,0,0,0,1,10,0,0,1,0,0,0,1,0,0,1,0
736.1,0,1,0,0,0,0,1,0,0,0,1,0,8,0,0,0,0,0,0,0,8,0,0,0,0,0,0,0,4,0,0,0,0,0,1,0,6,0,0,0,0,0,1,0,0,0,1,0
541.05,1,0,0,0,1,0,1,1,0,0,1,0,8,0,0,0,0,0,0,0,7,0,0,0,0,0,0,0,5,0,0,0,0,1,0,0,4,0,0,0,0,1,0,0,0,0,1,0
689.3,0,1,0,0,0,0,1,1,0,0,1,0,4,0,0,1,0,0,0,1,5,0,0,0,0,0,0,1,7,0,0,0,0,0,0,1,8,0,0,0,0,0,0,1,1,0,0,0
739.44,0,1,0,0,0,1,0,0,0,0,1,0,9,0,0,0,0,0,0,0,6,0,0,2,0,0,0,0,5,0,0,0,0,0,0,0,5,0,0,0,0,0,1,0,1,0,0,0
826.7,1,0,0,0,0,1,0,0,0,0,1,0,6,0,0,0,0,0,0,0,8,0,0,0,0,1,0,0,8,0,0,0,0,1,0,0,8,0,0,1,0,1,0,0,1,0,0,0
878.05,1,0,0,0,0,1,0,0,0,1,0,0,8,0,0,0,0,0,0,0,7,0,0,0,0,0,0,0,4,0,0,1,0,0,0,0,6,0,0,0,0,0,0,0,0,0,1,0
636.46,0,1,0,0,0,1,0,0,0,0,1,0,5,0,0,0,0,0,0,0,7,2,0,0,0,0,0,0,3,1,0,0,0,0,0,0,5,0,0,0,0,0,0,0,1,0,0,0
733.18,0,1,0,0,0,1,0,0,0,0,1,0,6,0,0,0,0,0,0,0,8,0,0,0,0,0,0,0,6,0,0,0,0,1,0,0,7,0,0,0,0,1,0,0,1,0,0,0
771.96,0,1,0,0,0,1,0,0,0,0,1,0,9,0,0,0,0,0,0,0,1,0,0,0,0,0,0,0,4,0,0,0,0,0,0,0,7,0,0,0,0,0,0,0,1,0,0,0
640.9,1,0,0,0,1,0,1,1,0,0,1,0,6,0,0,0,0,0,0,1,7,0,0,1,0,0,0,1,7,0,0,0,0,0,0,1,10,0,0,0,0,0,0,0,0,0,0,1
680.72,0,1,0,0,0,1,0,0,0,1,0,0,3,4,0,0,0,0,0,0,3,2,0,1,0,0,0,0,2,3,0,0,0,0,0,0,1,2,0,0,0,0,0,0,1,0,0,0
675.92,0,1,0,0,0,0,1,1,0,0,1,0,6,0,0,0,0,0,0,1,7,0,0,1,0,0,0,1,8,0,0,0,0,0,0,1,8,0,0,0,0,0,0,1,1,0,0,0
610.8,1,0,0,0,1,0,1,1,0,1,0,0,6,0,0,0,0,0,0,0,7,0,1,0,0,0,0,1,7,0,1,0,0,1,0,1,6,0,1,0,0,1,0,1,0,0,0,1
756.5,1,0,0,0,1,0,1,1,0,0,1,0,6,0,0,0,0,0,0,1,6,0,1,0,0,0,0,1,7,1,0,1,0,0,0,1,6,0,0,0,0,0,0,1,0,0,1,0
486.6,1,0,0,0,0,0,1,0,0,0,1,0,7,0,0,0,0,0,0,0,7,0,0,0,0,0,0,0,7,0,0,0,0,0,0,0,9,0,0,0,0,0,0,0,1,0,0,0
653.4,1,0,0,0,0,0,1,1,0,0,1,0,6,0,0,0,0,0,0,1,8,0,0,0,0,0,0,1,7,0,0,0,0,1,0,1,7,0,0,0,0,1,0,1,1,0,0,0
736.4,0,1,0,0,0,1,0,0,0,0,1,0,8,0,0,0,0,0,0,0,7,0,0,0,0,0,0,0,3,0,0,0,0,0,0,0,4,0,0,0,0,0,0,0,1,0,0,0
684.52,0,1,0,0,1,0,1,1,0,0,1,0,6,0,0,0,0,0,0,0,8,0,0,0,0,0,0,1,8,0,0,0,0,0,0,1,6,0,0,0,0,0,1,1,0,0,1,0
679.3,1,0,0,0,1,0,1,1,0,0,1,0,6,0,0,0,0,0,0,0,7,0,0,0,0,0,0,0,7,0,0,0,0,0,0,0,7,0,0,0,0,0,0,1,0,0,0,1
801.1,1,0,0,0,0,0,1,1,0,1,0,0,6,0,0,0,0,0,0,0,6,0,0,0,0,0,0,0,6,0,0,0,0,0,0,0,7,0,0,0,0,0,0,0,1,0,0,0
861.6,1,0,0,0,0,1,0,0,0,0,1,0,6,0,0,0,0,0,0,0,8,0,0,0,0,0,0,0,7,0,0,0,0,0,0,0,7,0,0,0,0,0,0,0,1,0,0,0
746.48,0,1,0,0,0,1,0,0,0,0,1,0,10,0,0,0,0,0,0,0,8,0,0,0,0,1,0,0,7,0,0,0,0,1,0,0,6,0,0,0,0,0,1,0,1,0,0,0
739.22,0,1,0,0,0,1,0,0,0,1,0,0,8,0,0,0,0,0,0,0,9,0,0,0,0,0,0,0,8,0,0,0,0,1,0,0,9,0,0,0,0,1,0,0,1,0,0,0
702.76,0,1,0,0,0,1,0,0,0,1,0,0,6,0,0,0,0,0,0,0,8,0,0,0,0,0,0,0,6,0,0,0,0,0,0,0,5,0,0,0,0,0,0,0,1,0,0,0
601.36,0,1,0,0,0,0,1,1,0,0,1,0,5,0,0,0,0,0,0,0,4,0,0,0,0,0,0,0,4,0,0,0,0,0,0,0,5,0,0,1,0,0,0,0,1,0,0,0
903.9,1,0,0,0,0,1,0,0,0,0,1,0,6,0,0,0,0,0,0,0,6,0,0,0,0,0,0,0,7,0,0,0,0,0,0,0,9,0,0,0,0,0,0,0,1,0,0,0
591.4,1,0,0,0,0,0,1,1,0,0,1,0,6,0,0,0,0,1,0,1,7,0,0,0,0,0,0,1,7,0,0,1,0,0,1,1,7,0,0,1,0,0,1,1,1,0,0,0
437.7,1,0,0,0,1,0,1,0,0,0,1,0,3,3,0,0,0,0,0,0,5,1,0,0,0,0,0,1,5,2,0,0,0,0,0,1,5,0,0,0,0,0,0,1,0,0,1,0
713.82,0,1,0,0,0,1,0,0,0,0,1,0,7,0,0,0,0,0,0,0,8,0,0,0,0,0,0,0,7,0,0,0,0,0,0,0,9,0,0,0,0,0,0,0,1,0,0,0
809.9,1,0,0,0,0,0,1,1,0,1,0,0,6,0,0,0,0,0,0,0,6,0,0,0,0,0,0,0,6,0,0,0,0,0,0,0,8,0,0,0,0,0,0,0,0,0,1,0
730.08,0,1,0,0,0,1,0,0,0,1,0,0,6,0,0,0,0,0,0,0,5,1,1,0,0,0,0,0,5,3,0,0,0,0,0,0,5,2,0,0,0,0,0,0,1,0,0,0
860.5,1,0,0,0,0,1,0,0,0,0,1,0,6,0,0,0,0,0,0,0,6,0,0,0,0,0,0,0,7,0,0,0,0,0,0,0,7,0,0,0,0,0,0,0,1,0,0,0
794.2,1,0,0,0,0,0,1,0,0,0,1,0,8,0,0,0,0,0,0,0,8,0,0,0,0,0,0,0,7,0,0,0,0,0,0,0,7,0,0,0,0,0,1,0,1,0,0,0
705.22,0,1,0,0,1,0,1,1,0,1,0,0,8,0,0,0,0,0,0,1,7,0,0,0,0,0,0,1,4,0,0,0,0,0,0,1,5,0,0,0,0,0,0,1,0,0,1,0
677.75,1,0,0,0,0,0,1,1,0,0,1,0,7,0,0,0,0,0,0,0,8,0,0,0,0,0,0,0,7,0,0,0,0,0,0,0,8,0,0,0,0,1,0,0,1,0,0,0
687.08,0,1,0,0,0,0,1,1,0,0,1,0,7,0,0,0,0,0,0,0,7,0,0,0,0,0,0,0,7,0,0,0,0,0,0,1,8,0,0,0,0,0,0,1,1,0,0,0
704.58,0,1,0,0,0,1,0,0,0,0,1,0,7,0,0,0,0,0,0,0,7,0,0,0,0,0,0,0,4,0,0,0,0,0,0,0,2,0,0,0,0,0,0,0,1,0,0,0
689.86,0,1,0,0,0,0,1,1,0,0,1,0,6,0,0,0,0,0,0,1,7,0,0,0,0,0,0,1,8,0,0,0,0,0,0,1,7,0,0,0,0,0,0,1,0,0,1,0
900.9,1,0,0,0,0,1,0,0,0,0,1,0,7,0,0,0,0,0,0,0,7,0,0,0,0,0,0,0,7,0,0,0,0,1,0,0,8,0,0,0,0,1,0,0,0,0,1,0
740.18,0,1,0,0,0,0,1,0,0,1,0,0,20,0,0,0,0,0,0,0,8,0,0,0,0,0,1,0,5,0,0,0,0,1,0,0,5,0,0,0,0,1,0,0,0,0,1,0
729.86,0,1,0,0,0,1,0,0,0,1,0,0,7,0,0,0,0,0,0,0,7,0,0,0,0,0,0,0,8,0,0,0,0,0,0,0,9,0,0,0,0,0,0,0,0,0,1,0
718.18,0,1,0,0,0,0,1,0,0,0,1,0,3,0,0,0,0,0,0,0,7,0,0,2,0,0,0,0,7,0,0,0,0,1,0,0,7,0,0,0,0,1,0,0,1,0,0,0
708.48,0,1,0,0,0,1,0,0,0,0,1,0,4,0,0,0,0,0,0,0,5,0,0,0,0,0,0,0,3,0,0,0,0,0,0,0,3,0,0,0,0,0,0,0,1,0,0,0
767.5,0,1,0,0,0,1,0,0,0,0,1,0,4,0,0,1,0,0,1,0,7,0,0,0,0,0,0,0,7,0,0,0,0,0,1,0,9,0,0,0,0,0,1,0,1,0,0,0
658.4,0,1,0,0,1,0,1,0,0,0,1,0,6,0,0,0,0,0,0,0,6,0,0,0,0,0,0,0,7,0,1,0,0,0,0,0,6,0,0,0,0,0,0,0,0,0,0,1
799.85,1,0,0,0,0,1,0,0,0,0,1,0,8,0,0,0,0,0,0,0,8,0,0,0,0,0,0,0,5,0,0,0,0,0,1,0,5,0,0,0,0,0,1,0,1,0,0,0
736.04,0,1,0,0,0,1,0,0,0,0,1,0,7,0,0,0,0,0,0,0,8,0,0,0,0,0,0,0,7,0,0,0,0,0,0,0,9,0,0,0,0,0,0,0,1,0,0,0
731.3,1,0,0,0,0,1,0,0,0,0,1,0,1,0,0,0,0,0,0,0,4,0,0,0,0,0,0,0,8,0,0,0,0,0,0,0,6,0,0,0,0,0,0,0,1,0,0,0
679.46,0,1,0,0,1,0,1,0,0,0,1,0,9,0,0,0,0,0,0,0,3,2,0,0,0,1,0,0,3,1,0,0,0,1,0,0,0,0,0,3,0,0,0,0,0,0,1,0
706.02,0,1,0,0,0,1,0,0,0,1,0,0,5,1,0,0,0,0,0,0,5,1,0,0,0,0,0,0,7,0,0,1,0,0,0,0,8,0,0,0,0,0,0,0,1,0,0,0
562.7,1,0,0,0,1,0,1,1,0,0,1,0,8,0,0,0,0,0,0,0,8,0,0,0,0,0,0,0,7,0,0,0,0,0,0,1,7,0,0,0,0,1,0,1,0,0,1,0
554.65,1,0,0,0,0,0,1,1,0,0,1,0,6,0,0,0,0,0,0,1,7,0,0,0,0,0,0,1,6,1,0,0,0,0,0,1,6,1,0,0,0,0,0,1,1,0,0,0
733.48,0,1,0,0,0,1,0,0,0,1,0,0,6,0,0,0,0,0,0,0,8,0,0,0,0,0,0,0,7,0,0,0,0,1,0,0,7,0,0,0,0,1,0,0,0,0,1,0
737.14,0,1,0,0,0,1,0,0,0,1,0,0,6,0,0,0,0,0,0,0,10,0,0,0,0,0,0,0,4,0,0,0,0,0,0,0,6,0,0,0,0,0,0,0,1,0,0,0
850.75,1,0,0,0,0,1,0,0,0,0,1,0,0,0,0,6,0,0,0,0,2,0,0,0,0,0,0,0,2,0,0,0,0,0,0,0,0,0,1,0,0,0,0,0,1,0,0,0
641.4,0,1,0,0,1,0,1,0,0,0,1,0,8,0,0,0,0,0,0,0,7,0,0,0,0,0,0,0,4,0,0,0,0,1,0,0,5,0,0,0,0,1,0,0,0,0,1,0
759.1,1,0,0,0,0,0,1,1,0,1,0,0,6,0,0,0,0,0,0,0,7,0,0,0,0,0,0,1,6,1,0,1,0,0,0,1,7,0,0,0,0,0,0,1,1,0,0,0
715.18,0,1,0,0,0,0,1,0,0,0,1,0,7,0,0,0,0,0,0,0,9,0,0,0,0,0,0,0,7,0,0,0,0,0,0,0,7,0,0,1,0,0,0,0,1,0,0,0
548.5,1,0,0,0,1,0,1,1,0,1,0,0,6,0,0,0,0,0,0,1,6,0,0,0,0,0,0,1,6,1,0,0,0,0,0,1,7,0,0,0,0,0,0,1,0,0,1,0
771.68,0,1,0,0,0,1,0,0,0,1,0,0,4,0,0,1,0,0,0,0,6,0,0,0,0,0,0,0,7,0,0,0,0,0,0,0,9,0,0,0,0,0,0,0,1,0,0,0
755.2,1,0,0,0,0,1,0,0,0,0,1,0,6,0,0,0,0,0,0,0,6,0,0,0,0,0,0,0,8,0,0,0,0,0,0,0,7,0,0,0,0,0,0,0,1,0,0,0
643.8,0,1,0,0,1,0,1,1,0,0,1,0,6,0,0,0,0,0,0,1,7,0,0,0,0,0,0,1,7,0,0,0,0,0,0,1,7,0,0,0,0,0,0,1,0,0,1,0
703.62,0,1,0,0,0,0,1,1,0,0,1,0,9,0,0,0,0,0,0,0,9,0,0,0,0,0,0,0,8,0,0,0,0,0,0,1,7,0,0,0,0,0,0,1,1,0,0,0
816.05,1,0,0,0,0,1,0,0,0,0,1,0,6,0,0,0,0,0,0,0,6,0,0,0,0,0,0,0,7,0,0,1,0,1,0,0,9,0,0,0,0,1,0,0,1,0,0,0
698.36,0,1,0,0,0,0,1,1,0,1,0,0,8,0,0,0,0,0,0,0,9,0,0,0,0,0,0,1,7,1,0,0,0,0,0,1,8,0,0,0,0,0,0,1,1,0,0,0
747.94,0,1,0,0,0,1,0,0,0,0,1,0,6,0,0,0,0,0,0,0,6,0,0,0,0,0,0,0,7,0,0,0,0,0,0,0,8,0,0,0,0,0,0,0,0,0,1,0
842.8,1,0,0,0,0,1,0,0,0,0,1,0,8,0,0,0,0,0,0,0,8,0,0,0,0,0,0,0,8,0,0,0,0,0,0,0,9,0,0,0,0,0,0,0,1,0,0,0
739.38,0,1,0,0,0,1,0,0,0,0,1,0,8,0,0,0,0,0,0,0,7,0,0,0,0,0,0,0,5,0,0,0,0,1,0,0,6,0,0,0,0,0,0,0,0,0,0,1
587.8,1,0,0,0,1,0,1,1,0,0,1,0,7,0,0,0,0,0,0,0,7,0,0,0,0,0,0,0,7,0,0,0,0,0,0,0,9,0,0,0,0,0,0,0,0,0,0,1
510.8,1,0,0,0,1,0,1,0,0,0,1,0,7,0,0,0,0,0,0,0,7,0,0,0,0,0,0,0,7,0,0,0,0,1,0,0,6,0,0,0,0,1,0,0,0,0,1,0
705.82,0,1,0,0,0,1,0,0,0,0,1,0,7,0,0,0,0,0,0,0,7,0,0,0,0,0,1,0,7,0,0,1,0,0,1,0,7,0,0,1,0,0,1,0,0,0,1,0
630.9,0,1,0,0,0,0,1,1,0,0,1,0,5,0,0,0,0,0,0,0,7,0,0,0,0,0,0,0,6,0,0,0,0,1,0,0,5,0,0,0,0,1,0,0,1,0,0,0
782.0,1,0,0,0,0,0,1,1,0,1,0,0,4,0,0,1,0,0,0,0,5,0,0,0,0,0,0,0,7,0,0,0,0,0,0,0,8,0,0,0,0,0,0,0,0,0,1,0
760.8,1,0,0,0,0,1,0,0,0,0,1,0,5,1,0,2,0,0,0,0,3,1,0,0,0,0,0,0,3,0,0,0,0,0,0,0,0,1,1,0,0,1,0,0,1,0,0,0
881.0,1,0,0,0,0,1,0,0,0,0,1,0,7,0,0,0,0,0,0,0,7,0,0,0,0,0,0,0,8,0,0,0,0,0,1,0,8,0,0,0,0,0,1,0,1,0,0,0
736.94,0,1,0,0,0,1,0,0,0,1,0,0,16,0,0,0,0,0,0,0,7,0,0,1,0,1,0,0,4,0,0,0,0,0,1,0,6,0,0,0,0,0,1,0,1,0,0,0
652.15,1,0,0,0,0,0,1,1,0,0,1,0,8,0,0,0,0,0,0,1,7,0,0,0,0,0,0,1,4,0,0,0,0,0,1,1,6,0,0,0,0,0,1,1,0,1,0,0
909.3,1,0,0,0,0,1,0,0,0,0,1,0,6,0,0,0,0,0,0,0,6,0,0,0,0,0,0,1,7,0,0,0,0,0,0,1,7,0,0,0,0,0,0,1,1,0,0,0
639.9,0,1,0,0,0,1,0,0,0,0,1,0,4,0,0,0,0,0,0,0,2,2,0,0,0,0,0,0,3,0,0,0,0,0,0,0,5,0,0,0,0,0,0,0,0,0,0,0
684.62,0,1,0,0,1,0,1,0,0,1,0,0,7,0,0,0,0,0,0,0,7,0,0,0,0,0,0,0,5,0,0,0,0,0,0,0,8,0,0,0,0,0,0,0,0,0,0,1
670.38,0,1,0,0,0,0,1,1,0,0,1,0,6,0,0,0,0,0,0,1,8,0,0,1,0,0,0,1,8,0,0,1,0,0,0,1,7,1,0,0,0,0,0,1,1,0,0,0
741.4,0,1,0,0,0,1,0,0,0,0,1,0,4,0,0,1,0,0,0,0,5,0,0,0,0,0,0,0,7,0,0,0,0,0,0,0,8,0,0,0,0,0,0,0,1,0,0,0
727.2,1,0,0,0,0,0,1,1,0,1,0,0,6,0,0,0,0,0,0,0,6,0,0,1,0,0,0,0,5,1,0,1,0,0,0,0,6,0,0,2,0,0,0,1,1,0,0,0
740.72,0,1,0,0,0,1,0,0,0,0,1,0,7,0,0,0,0,0,0,0,8,0,0,0,0,1,0,0,8,0,0,0,0,1,0,0,7,0,0,0,0,0,0,0,1,0,0,0
707.9,0,1,0,0,0,1,0,0,0,0,1,0,6,0,0,0,0,0,0,0,7,0,0,1,0,0,0,1,8,0,0,0,0,0,0,1,7,0,0,0,0,0,0,1,1,0,0,0
706.5,1,0,0,0,0,1,0,0,0,0,1,0,10,0,0,1,0,0,0,0,8,0,0,0,0,0,0,0,7,0,0,0,0,0,0,0,9,0,0,0,0,0,0,0,1,0,0,0
857.5,1,0,0,0,0,1,0,0,0,0,1,0,8,0,0,0,0,0,0,0,8,0,0,0,0,0,0,0,7,0,0,0,0,1,0,0,8,0,0,0,0,0,0,0,1,0,0,0
828.1,1,0,0,0,0,1,0,0,0,0,1,0,8,0,0,0,0,0,0,1,7,0,0,0,0,0,0,1,4,0,0,0,0,1,0,1,6,0,0,0,0,1,0,1,1,0,0,0
950.8,1,0,0,0,0,1,0,0,0,0,1,0,6,0,0,0,0,0,0,0,8,0,0,0,0,0,0,0,8,0,0,0,0,0,0,0,7,0,0,0,0,0,0,0,1,0,0,0
813.85,1,0,0,0,0,1,0,0,0,0,1,0,8,0,0,0,0,0,0,0,8,0,0,0,0,0,0,0,5,0,0,0,0,0,0,0,5,0,0,0,0,0,0,0,1,0,0,0
1014.5,1,0,0,0,0,1,0,0,0,0,1,0,7,0,0,0,0,0,0,0,7,0,0,0,0,0,0,0,1,0,0,0,0,0,0,0,2,0,0,1,0,0,0,0,1,0,0,0
713.2,0,1,0,0,0,1,0,0,0,0,1,0,6,0,0,0,0,0,0,0,8,0,0,0,0,0,0,0,8,0,0,0,0,0,0,0,7,0,0,0,0,0,0,0,1,0,0,0
690.64,0,1,0,0,1,0,1,0,0,0,1,0,7,0,0,0,0,0,0,0,7,0,0,0,0,0,0,0,7,0,0,0,0,0,0,0,9,0,0,0,0,0,0,0,0,0,1,0
802.3,1,0,0,0,0,1,0,0,0,1,0,0,4,0,0,1,0,0,0,0,5,0,0,0,0,0,0,0,6,0,0,0,0,0,0,0,8,0,0,0,0,0,0,0,1,0,0,0
582.8,1,0,0,0,1,0,1,1,0,0,1,0,7,0,0,0,0,0,0,1,7,0,0,0,0,0,0,1,7,1,0,0,0,0,0,1,6,0,0,0,0,0,0,1,0,0,0,1
874.4,1,0,0,0,0,1,0,0,0,1,0,0,8,0,0,0,0,0,0,0,5,0,0,3,0,0,0,0,6,0,0,0,0,0,0,0,6,1,0,0,0,0,0,0,1,0,0,0
980.3,1,0,0,0,0,1,0,0,0,0,1,0,4,0,0,1,0,0,0,0,6,0,0,0,0,0,0,0,7,0,0,0,0,0,0,0,7,0,0,0,0,0,0,0,1,0,0,0
756.32,0,1,0,0,0,1,0,0,0,1,0,0,8,0,0,0,0,0,0,0,7,0,0,0,0,0,0,1,3,0,0,1,0,0,0,1,5,0,0,0,0,0,0,1,1,0,0,0
712.42,0,1,0,0,0,1,0,0,0,0,1,0,6,0,0,0,0,0,0,0,5,1,0,0,0,0,0,0,6,1,0,0,0,0,0,0,6,0,0,0,0,0,0,1,1,0,0,0
685.66,0,1,0,0,1,0,1,1,0,0,1,0,7,0,0,0,0,0,0,0,8,0,0,0,0,0,0,0,7,0,0,0,0,0,0,0,8,0,0,0,0,0,0,0,0,0,1,0
754.66,0,1,0,0,0,1,0,0,0,0,1,0,7,0,0,0,0,0,0,0,8,0,0,0,0,0,0,0,7,0,0,0,0,0,0,0,8,0,1,0,0,0,0,0,1,0,0,0
617.6,0,1,0,0,0,0,1,0,0,1,0,0,2,3,1,0,0,0,0,0,3,0,2,1,0,0,0,0,1,1,2,0,0,0,0,0,2,0,3,0,0,0,0,0,1,0,0,0
472.6,1,0,0,0,1,0,1,0,0,0,1,0,7,0,0,0,0,0,0,0,7,0,0,0,0,0,0,0,8,0,0,0,0,0,0,0,10,0,0,0,0,0,0,0,0,0,1,0
722.22,0,1,0,0,0,1,0,0,0,0,1,0,6,0,0,0,0,0,0,0,7,0,0,1,0,0,0,0,7,1,0,0,0,0,0,0,8,0,0,0,0,0,0,0,1,0,0,0
732.6,1,0,0,0,1,0,1,0,0,0,1,0,6,0,0,0,0,0,0,0,7,0,0,1,0,0,0,0,7,0,0,1,0,0,0,0,8,0,0,0,0,0,0,1,0,0,1,0
720.7,0,1,0,0,0,1,0,0,0,0,1,0,6,0,0,0,0,0,0,0,7,0,0,0,0,0,0,0,7,0,0,0,0,0,0,0,8,0,0,0,0,0,0,0,0,0,1,0
714.54,0,1,0,0,0,1,0,0,0,0,1,0,14,2,0,1,0,0,0,0,6,0,0,1,0,0,0,0,5,0,0,0,0,0,0,0,7,0,0,0,0,0,0,0,1,0,0,0
749.9,1,0,0,0,0,0,1,0,0,0,1,0,7,0,0,0,0,0,0,0,7,0,1,0,0,0,0,1,8,0,0,0,0,0,0,1,8,0,0,0,0,0,0,1,1,0,0,0
709.64,0,1,0,0,0,0,1,0,0,1,0,0,6,0,0,0,0,0,0,0,7,0,0,0,0,0,0,0,7,0,0,0,0,0,0,0,7,0,0,0,0,0,0,0,1,0,0,0
794.7,1,0,0,0,0,1,0,0,0,0,1,0,6,0,0,0,0,0,0,0,7,0,0,0,0,1,0,0,8,0,0,0,0,1,0,0,8,0,0,0,0,0,1,0,1,0,0,0
655.54,0,1,0,0,1,0,1,0,0,1,0,0,6,0,0,0,0,0,0,0,6,0,0,1,0,0,0,0,7,0,0,0,0,0,0,0,7,0,0,0,0,0,0,0,0,0,1,0
767.52,0,1,0,0,0,1,0,0,0,0,1,0,8,0,0,0,0,0,0,0,8,0,0,0,0,0,0,0,7,0,0,0,0,0,0,0,7,0,0,0,0,1,0,0,1,0,0,0
676.82,0,1,0,0,0,1,0,0,0,0,1,0,6,0,0,0,0,0,0,0,6,0,0,0,0,1,0,0,8,0,0,1,0,1,0,0,8,0,0,0,0,1,0,0,1,0,0,0
679.18,0,1,0,0,1,0,1,0,0,0,1,0,5,3,0,0,0,0,0,0,7,0,0,0,0,0,0,0,7,0,0,0,0,1,0,0,8,0,0,0,0,0,0,0,0,0,0,1
761.08,0,1,0,0,0,1,0,0,0,0,1,0,6,0,0,0,0,0,0,0,6,1,0,0,0,0,0,0,7,0,0,0,0,0,0,0,8,0,0,0,0,0,0,0,1,0,0,0
488.7,1,0,0,0,0,1,0,0,0,0,1,0,6,0,0,0,0,0,0,0,5,1,0,0,0,0,0,0,6,1,0,0,0,0,0,0,8,0,0,0,0,0,0,0,1,0,0,0
737.44,0,1,0,0,0,1,0,0,0,1,0,0,5,2,0,0,0,0,0,0,9,1,0,0,0,0,0,0,9,0,0,0,0,0,0,0,4,0,0,0,0,0,0,0,1,0,0,0
799.55,1,0,0,0,0,1,0,0,0,0,1,0,8,0,0,0,0,0,0,0,8,0,0,0,0,0,0,0,4,0,0,0,0,0,0,0,5,0,0,0,0,0,0,0,0,0,1,0
551.74,0,1,0,0,0,0,1,1,1,1,0,0,6,1,0,0,0,0,0,1,7,0,0,0,0,1,0,1,4,0,0,0,0,1,0,1,3,0,0,0,0,1,0,1,1,0,0,0
691.76,0,1,0,0,0,1,0,0,0,0,1,0,2,0,1,1,0,0,0,0,2,0,0,1,0,0,0,0,3,0,0,0,0,0,0,0,3,1,0,0,0,0,0,0,1,0,0,0
615.5,1,0,0,0,0,0,1,1,0,0,1,0,8,0,0,0,0,0,0,0,8,0,0,0,0,0,0,0,6,0,0,0,0,0,0,0,8,0,0,0,0,0,0,0,1,0,0,0
680.4,0,1,0,0,0,1,0,0,0,0,1,0,3,0,0,0,0,0,0,0,5,0,0,0,0,0,0,0,6,0,0,0,0,0,0,0,7,0,0,0,0,0,0,0,1,0,0,0
641.7,1,0,0,0,1,0,1,0,0,0,1,0,6,2,0,0,0,0,0,0,1,0,0,5,0,0,0,0,4,0,1,1,0,0,0,1,1,0,0,0,0,0,0,1,0,0,1,0
719.7,0,1,0,0,0,1,0,0,0,0,1,0,6,0,0,0,0,0,0,0,7,0,0,0,0,0,0,0,7,0,0,0,0,0,0,0,8,0,0,0,0,0,0,0,1,0,0,0
653.6,1,0,0,0,0,0,1,1,0,0,1,0,6,0,0,0,0,0,0,0,7,0,0,0,0,0,0,0,6,0,0,0,0,1,0,0,7,0,0,0,0,1,0,0,1,0,0,0
653.04,0,1,0,0,1,0,1,1,0,0,1,0,5,3,0,0,0,0,0,0,5,0,0,1,0,0,0,0,4,0,0,0,0,0,1,0,0,0,0,4,0,0,1,0,0,0,1,0
780.6,1,0,0,0,0,1,0,0,0,0,1,0,6,0,0,0,0,0,0,0,5,1,0,0,0,0,0,0,7,0,0,0,0,0,0,0,7,0,0,0,0,0,0,0,1,0,0,0
673.38,0,1,0,0,1,0,1,0,0,1,0,0,7,1,0,0,0,0,0,0,8,0,0,0,0,0,0,0,7,0,0,0,0,0,0,0,7,0,0,0,0,0,0,0,0,0,1,0
659.25,1,0,0,0,0,0,1,1,0,0,1,0,3,2,1,1,0,0,0,0,0,1,3,0,0,0,0,0,0,2,1,0,0,0,0,0,0,1,3,0,0,0,0,0,1,0,0,0
701.5,1,0,0,0,0,1,0,0,0,0,1,0,6,0,0,0,0,0,0,0,7,0,0,0,0,0,0,0,7,0,0,0,0,0,0,0,7,0,0,0,0,0,0,0,1,0,0,0
513.2,1,0,0,0,1,0,1,1,0,0,1,0,8,0,0,0,0,0,0,0,6,1,0,0,0,0,0,0,7,0,0,0,0,1,0,0,8,0,0,0,0,0,0,0,0,0,0,1
722.95,1,0,0,0,1,0,1,0,0,0,1,0,8,0,0,0,0,0,0,0,7,0,0,0,0,0,0,0,3,0,0,0,0,0,0,0,5,0,0,0,0,0,0,0,0,0,1,0
774.6,1,0,0,0,0,1,0,0,0,0,1,0,6,0,0,0,0,0,0,0,5,1,0,0,0,0,0,0,1,1,0,0,0,0,0,0,6,0,0,0,0,0,0,0,1,0,0,0
522.3,1,0,0,0,0,0,1,1,0,0,1,0,6,0,0,0,0,0,0,0,6,0,0,0,0,0,0,0,7,0,0,0,0,1,0,0,9,0,0,0,0,1,0,1,1,0,0,0
677.96,0,1,0,0,1,0,1,0,0,0,1,0,7,0,0,0,0,0,0,0,5,0,0,0,0,0,0,0,7,0,0,1,0,1,0,1,6,0,0,0,0,1,0,1,0,0,1,0
