nota_ingresso,tipo_ingresso_pism,tipo_ingresso_sisu,tipo_ingresso_vestibular,tipo_ingresso_outros,cota_racial,cota_ampla_concorrencia,cota_escola_publica,cota_renda,cota_pcd,genero_masculino,genero_feminino,genero_outros,periodo_1_disciplinas_aprovadas,periodo_1_disciplinas_reprovadas,periodo_1_disciplinas_ri,periodo_1_disciplinas_trancadas,periodo_1_disciplinas_outros_status,periodo_1_bolsa_remunerada,periodo_1_bolsa_n_remunerada,periodo_1_ae,periodo_2_disciplinas_aprovadas,periodo_2_disciplinas_reprovadas,periodo_2_disciplinas_ri,periodo_2_disciplinas_trancadas,periodo_2_disciplinas_outros_status,periodo_2_bolsa_remunerada,periodo_2_bolsa_n_remunerada,periodo_2_ae,periodo_3_disciplinas_aprovadas,periodo_3_disciplinas_reprovadas,periodo_3_disciplinas_ri,periodo_3_disciplinas_trancadas,periodo_3_disciplinas_outros_status,periodo_3_bolsa_remunerada,periodo_3_bolsa_n_remunerada,periodo_3_ae,etnia_branca,etnia_outra,etnia_parda,etnia_preta
544.68,0,1,0,0,1,0,1,1,0,0,1,0,4,1,0,0,0,0,0,0,0,1,2,0,0,0,0,0,0,0,0,4,0,0,0,0,0,0,0,1
591.0,1,0,0,0,0,1,0,0,0,0,1,0,5,0,0,0,0,0,0,0,6,0,0,0,0,0,0,0,6,0,0,0,0,0,0,0,0,0,1,0
601.54,0,1,0,0,0,0,1,1,0,0,1,0,5,0,0,0,0,0,0,1,6,0,0,0,0,0,0,1,6,0,0,0,0,0,0,1,0,0,1,0
545.65,1,0,0,0,0,1,0,0,0,0,1,0,4,0,0,0,0,0,0,0,5,0,0,0,0,0,0,0,5,0,0,0,0,0,0,0,0,0,0,1
556.66,0,1,0,0,1,0,1,0,0,1,0,0,5,0,0,0,0,0,0,0,4,0,0,1,0,0,0,0,4,2,0,0,0,0,0,0,0,0,1,0
626.7,0,1,0,0,0,0,1,1,0,0,1,0,5,0,0,0,0,0,0,0,7,0,0,0,0,0,0,1,4,0,0,0,0,0,0,1,0,0,1,0
639.42,0,1,0,0,0,1,0,0,0,0,1,0,2,3,0,0,0,0,0,0,1,0,3,0,0,0,0,0,0,0,0,7,0,0,0,0,1,0,0,0
541.92,0,1,0,0,0,1,0,0,0,0,1,0,3,1,1,0,0,0,0,0,0,1,0,6,0,0,0,0,1,0,0,0,0,0,0,0,1,0,0,0
620.1,0,1,0,0,0,1,0,0,0,0,1,0,3,1,1,0,0,0,0,0,1,0,0,1,0,0,0,0,0,0,0,1,0,0,0,0,1,0,0,0
172.75,1,0,0,0,1,0,1,1,0,0,1,0,4,1,0,0,0,0,0,1,3,1,1,0,0,0,0,1,1,0,0,3,0,0,0,1,0,0,1,0
307.75,1,0,0,0,0,1,0,0,0,0,1,0,5,0,0,0,0,0,0,0,5,0,0,0,0,0,0,0,2,0,1,0,0,0,0,0,0,1,0,0
555.5,1,0,0,0,0,0,1,1,0,0,1,0,4,0,1,0,0,0,0,0,6,0,0,1,0,0,0,1,4,0,0,3,1,0,0,1,1,0,0,0
543.55,1,0,0,0,0,0,1,1,0,0,1,0,5,0,0,0,0,0,0,1,6,0,0,0,0,0,0,1,7,0,0,0,0,0,0,1,1,0,0,0
576.7,0,1,0,0,0,1,0,0,0,0,1,0,5,0,0,0,0,0,0,0,6,0,0,0,0,0,0,0,6,0,0,0,0,0,0,0,0,0,0,1
658.52,0,1,0,0,0,1,0,0,0,0,1,0,5,0,0,0,0,0,0,0,5,0,0,0,0,1,0,0,5,0,0,0,0,1,0,0,1,0,0,0
416.7,1,0,0,0,0,0,1,1,0,0,1,0,5,0,0,0,0,0,0,1,6,0,0,0,0,0,0,1,6,1,0,0,0,0,0,1,1,0,0,0
400.6,1,0,0,0,1,0,1,0,0,0,1,0,5,0,0,0,0,0,0,0,6,0,0,0,0,0,0,0,6,0,0,0,0,1,0,0,0,0,0,1
498.35,1,0,0,0,0,0,1,1,0,0,1,0,5,0,0,0,0,0,0,0,6,0,0,0,0,0,0,0,4,0,1,1,0,0,0,0,1,0,0,0
598.64,0,1,0,0,0,0,1,0,0,0,1,0,5,0,0,0,0,0,0,0,6,0,0,0,0,0,0,0,6,0,0,0,0,1,0,0,1,0,0,0
654.35,1,0,0,0,0,0,1,1,0,0,1,0,5,0,0,0,0,0,0,0,6,0,0,0,0,0,0,1,7,0,0,0,0,0,0,1,1,0,0,0
558.2,1,0,0,0,0,1,0,0,0,0,1,0,6,0,0,0,0,0,0,0,8,0,0,0,0,0,0,0,7,0,0,0,0,0,0,0,1,0,0,0
228.1,1,0,0,0,0,1,0,0,0,0,1,0,5,0,0,0,0,0,0,0,5,0,0,0,0,0,0,0,4,1,0,0,0,0,0,0,0,0,0,1
555.6,1,0,0,0,0,1,0,0,0,0,1,0,5,0,0,0,0,0,0,0,4,2,0,0,0,0,0,0,4,3,1,0,0,0,0,1,1,0,0,0
638.3,0,1,0,0,1,0,1,0,0,0,1,0,5,0,0,0,0,0,0,0,5,0,0,1,0,1,0,0,4,0,1,2,1,1,0,0,0,0,1,0
787.4,1,0,0,0,0,1,0,0,0,0,1,0,6,0,0,0,0,0,0,0,7,0,0,0,0,0,0,0,6,0,0,0,0,0,0,0,1,0,0,0
624.94,0,1,0,0,1,0,1,1,0,0,1,0,5,0,0,0,0,0,0,1,7,0,0,0,0,0,0,1,7,0,0,0,0,0,0,1,0,0,1,0
674.12,0,1,0,0,0,1,0,0,0,1,0,0,5,0,0,0,0,0,0,0,4,1,0,0,0,0,0,0,3,1,0,2,1,0,0,0,0,0,1,0
585.75,1,0,0,0,0,1,0,0,0,0,1,0,5,0,0,0,0,0,0,0,6,0,0,0,0,0,0,0,6,1,0,0,0,0,0,0,0,1,0,0
732.36,0,1,0,0,0,1,0,0,0,0,1,0,5,0,0,0,0,1,0,0,5,0,0,0,0,1,0,0,3,0,0,0,0,0,1,0,0,0,1,0
610.2,0,1,0,0,1,0,1,0,0,0,1,0,5,0,0,0,0,0,0,0,5,0,0,0,0,0,0,0,4,1,0,0,0,1,0,0,0,0,0,1
334.2,1,0,0,0,0,1,0,0,0,0,1,0,5,0,0,0,0,0,0,0,6,0,0,0,0,0,0,0,7,1,0,0,0,1,0,0,1,0,0,0
354.0,1,0,0,0,1,0,1,1,0,0,1,0,3,2,0,0,0,0,0,0,0,1,4,0,0,0,0,0,0,1,4,0,1,0,0,0,0,0,0,1
781.35,1,0,0,0,0,1,0,0,0,0,1,0,7,0,0,0,0,0,0,1,5,0,0,0,0,0,0,1,4,1,2,0,0,1,0,1,1,0,0,0
685.06,0,1,0,0,0,1,0,0,0,0,1,0,4,1,0,0,0,1,0,0,6,0,0,0,0,1,0,0,5,0,1,2,0,1,0,0,1,0,0,0
563.04,0,1,0,0,0,1,0,0,0,0,1,0,2,0,0,3,0,0,0,0,4,0,0,0,0,1,0,0,5,0,0,0,0,1,0,0,0,0,1,0
558.0,1,0,0,0,0,0,1,1,0,0,1,0,5,0,0,0,0,0,0,0,5,0,0,0,0,0,0,0,7,0,0,1,0,0,0,0,1,0,0,0
357.2,1,0,0,0,1,0,1,1,0,0,1,0,5,0,0,0,0,1,0,1,7,0,0,0,0,1,0,1,5,0,0,0,1,1,0,0,0,0,1,0
602.0,1,0,0,0,0,1,0,0,0,0,1,0,5,0,0,0,0,0,0,0,6,0,0,0,0,0,0,0,7,0,0,0,0,0,0,0,0,0,1,0
649.96,0,1,0,0,0,1,0,0,0,0,1,0,7,0,0,0,0,0,0,0,5,0,0,0,0,0,0,0,5,0,0,0,0,0,0,0,1,0,0,0
713.34,0,1,0,0,0,1,0,0,0,0,1,0,5,0,0,0,0,0,0,0,7,0,0,0,0,0,0,0,4,1,3,0,2,0,0,0,1,0,0,0
874.2,1,0,0,0,0,1,0,0,0,0,1,0,6,0,0,0,0,0,0,0,8,0,0,0,0,0,0,0,7,0,0,0,0,1,0,0,1,0,0,0
626.04,0,1,0,0,0,0,1,0,0,0,1,0,5,0,0,0,0,0,0,0,6,0,0,0,0,0,0,0,0,0,3,3,0,0,0,0,1,0,0,0
679.3,0,1,0,0,0,1,0,0,0,0,1,0,5,0,0,0,0,0,0,0,5,0,0,0,0,0,0,0,3,0,0,0,0,1,0,0,0,1,0,0
506.7,1,0,0,0,0,1,0,0,0,0,1,0,4,1,0,0,0,0,0,1,5,0,1,0,0,0,0,1,5,2,0,0,0,0,1,1,1,0,0,0
562.3,1,0,0,0,0,1,0,0,0,0,1,0,5,0,0,0,0,0,0,0,7,0,0,0,0,0,0,0,5,0,0,0,0,0,0,0,1,0,0,0
559.78,0,1,0,0,0,1,0,0,0,0,1,0,5,0,0,0,0,0,0,0,4,0,1,0,0,0,0,0,0,0,0,5,0,0,0,0,0,0,1,0
632.02,0,1,0,0,0,1,0,0,0,0,1,0,3,1,1,0,0,0,0,0,0,0,4,0,0,0,0,0,0,0,2,1,0,0,0,0,1,0,0,0
403.1,1,0,0,0,1,0,1,0,0,0,1,0,5,0,0,0,0,0,0,0,6,0,0,0,0,0,0,0,6,0,0,0,0,0,0,0,0,0,1,0
676.9,0,1,0,0,0,1,0,0,0,0,1,0,5,0,0,0,0,0,0,0,7,0,0,0,0,0,0,0,6,0,0,0,0,1,0,0,1,0,0,0
607.6,0,1,0,0,1,0,1,1,0,0,1,0,5,0,0,0,0,0,0,0,5,1,0,0,0,0,0,1,7,0,0,0,0,1,0,1,0,0,0,1
436.3,1,0,0,0,0,1,0,0,0,0,1,0,4,1,0,0,0,0,0,0,7,0,0,0,0,1,0,1,6,0,0,0,0,1,0,1,0,0,1,0
565.6,0,1,0,0,0,0,1,0,0,0,1,0,5,0,0,0,0,0,0,0,4,0,0,0,0,0,0,0,3,1,0,0,0,0,0,0,1,0,0,0
573.78,0,1,0,0,1,0,1,0,0,0,1,0,5,0,0,0,0,0,0,1,5,0,0,0,0,0,0,1,5,0,0,0,0,0,0,1,0,0,1,0
621.56,0,1,0,0,0,0,1,1,0,0,1,0,4,1,0,0,0,0,0,0,0,1,6,0,0,0,0,0,4,0,2,0,0,0,0,0,0,0,1,0
602.52,0,1,0,0,1,0,1,0,0,0,1,0,5,0,0,0,0,0,0,0,7,0,0,0,0,0,0,0,7,0,0,0,0,0,0,0,0,0,1,0
390.2,1,0,0,0,1,0,1,1,0,0,1,0,4,1,0,0,0,0,1,0,4,0,0,1,0,0,1,1,7,0,0,0,0,0,0,1,0,0,0,1
692.75,1,0,0,0,0,0,1,1,0,0,1,0,5,0,0,0,0,0,0,0,6,0,0,0,0,0,0,0,3,0,0,0,0,0,0,0,1,0,0,0
428.9,1,0,0,0,0,1,0,0,0,0,1,0,4,1,0,0,0,0,0,0,2,2,1,0,0,0,0,0,4,1,0,1,0,0,0,0,1,0,0,0
374.1,1,0,0,0,0,0,1,1,0,0,1,0,5,0,0,0,0,0,0,0,5,1,0,0,0,0,0,0,8,0,0,0,0,0,0,1,1,0,0,0
682.48,0,1,0,0,0,1,0,0,0,0,1,0,4,0,0,1,0,0,0,0,3,0,0,0,0,0,0,0,0,0,1,0,0,0,0,0,0,0,1,0
513.2,1,0,0,0,1,0,1,1,0,0,1,0,5,0,0,0,0,0,0,0,6,0,0,0,0,1,0,0,6,0,0,0,0,1,0,1,0,0,1,0
505.0,0,1,0,0,1,0,1,0,0,0,1,0,3,2,0,0,0,0,0,0,4,0,1,0,0,0,0,0,3,1,0,0,0,0,0,1,0,0,0,1
618.7,1,0,0,0,1,0,1,1,0,0,1,0,5,0,0,0,0,0,0,0,6,0,0,0,0,0,0,1,5,0,0,0,0,0,0,1,0,0,1,0
486.4,1,0,0,0,0,1,0,0,0,0,1,0,5,0,0,0,0,0,0,0,6,0,0,0,0,0,0,0,6,0,0,0,0,0,0,0,0,0,1,0
569.4,1,0,0,0,0,1,0,0,0,0,1,0,6,0,0,0,0,0,0,1,6,0,0,0,0,0,1,1,7,0,0,0,0,1,0,1,1,0,0,0
384.25,1,0,0,0,0,0,1,1,0,0,1,0,4,1,0,0,0,0,0,0,6,0,0,0,0,0,0,0,8,0,0,0,0,1,0,0,1,0,0,0
524.54,0,1,0,0,0,1,0,0,0,0,1,0,3,2,0,0,0,1,0,0,6,1,0,0,0,1,0,1,6,0,0,1,0,1,0,1,1,0,0,0
582.9,0,1,0,0,1,0,1,1,0,0,1,0,5,0,0,0,0,0,0,0,5,0,0,0,0,1,0,1,7,0,0,0,0,1,0,1,0,0,0,1
552.66,0,1,0,0,1,0,1,1,0,0,1,0,0,3,2,0,0,0,0,0,0,0,5,0,0,0,0,0,0,2,4,0,0,0,0,0,0,0,0,1
572.6,1,0,0,0,0,0,1,1,0,0,1,0,4,0,0,0,0,0,0,0,1,4,0,0,0,0,0,0,5,1,0,0,0,0,0,0,1,0,0,0
461.5,1,0,0,0,0,0,1,1,0,0,1,0,6,0,0,0,0,0,0,1,6,0,0,0,0,0,1,1,5,1,0,0,0,0,1,1,0,0,1,0
578.44,0,1,0,0,1,0,1,1,0,1,0,0,3,2,0,0,0,0,0,0,0,3,0,2,0,0,0,0,0,0,0,4,0,0,0,0,0,0,0,1
476.15,1,0,0,0,0,1,0,0,0,0,1,0,5,0,0,0,0,0,0,0,6,0,0,0,0,0,0,0,8,0,0,0,0,0,0,0,1,0,0,0
362.9,1,0,0,0,0,0,1,0,0,0,1,0,5,0,0,0,0,0,0,0,5,0,0,0,0,0,0,0,3,0,0,1,0,0,0,0,1,0,0,0
634.44,0,1,0,0,0,1,0,0,0,0,1,0,5,0,0,0,0,0,0,0,6,0,0,0,0,0,0,0,7,0,0,0,0,1,0,0,1,0,0,0
597.88,0,1,0,0,1,0,1,0,0,0,1,0,11,0,0,0,0,0,0,0,6,0,0,0,0,1,0,0,5,0,0,0,0,1,0,0,0,0,1,0
560.78,0,1,0,0,1,0,1,1,0,0,1,0,5,0,0,0,0,0,0,0,5,0,0,0,0,0,0,0,5,0,0,0,0,0,0,0,0,0,1,0
420.6,1,0,0,0,0,0,1,0,0,0,1,0,5,0,0,0,0,0,0,0,5,0,0,0,0,1,0,0,4,0,0,0,0,1,0,0,1,0,0,0
621.9,1,0,0,0,0,0,1,0,0,0,1,0,4,0,0,0,0,0,0,0,5,0,0,0,0,0,0,0,6,0,0,0,0,0,0,0,1,0,0,0
720.0,1,0,0,0,0,1,0,0,0,0,1,0,6,0,0,0,0,0,0,0,6,0,0,0,0,0,0,0,5,0,0,0,0,1,0,0,1,0,0,0
597.1,0,1,0,0,0,1,0,0,0,0,1,0,5,0,0,0,0,0,0,0,4,1,1,0,0,0,0,0,6,0,0,0,0,1,0,0,1,0,0,0
498.6,1,0,0,0,0,0,1,1,0,0,1,0,5,0,0,0,0,0,0,0,5,0,0,0,0,0,0,0,7,0,0,0,0,0,0,0,1,0,0,0
655.18,0,1,0,0,0,1,0,0,0,0,1,0,5,0,0,0,0,0,0,0,6,0,0,0,0,0,0,0,5,0,0,1,0,0,0,0,1,0,0,0
365.4,1,0,0,0,1,0,1,1,0,0,1,0,5,0,0,0,0,0,0,0,5,0,0,0,0,0,0,0,4,0,0,1,0,0,0,0,0,0,1,0
574.56,0,1,0,0,0,1,0,0,0,0,1,0,5,0,0,0,0,0,0,0,4,1,0,0,0,0,0,0,2,1,0,1,1,0,0,0,0,0,1,0
555.88,0,1,0,0,0,1,0,0,0,0,1,0,5,0,0,0,0,0,0,0,4,0,0,2,0,0,0,0,3,0,0,0,1,0,0,0,0,0,0,1
533.48,0,1,0,0,1,0,1,0,0,0,1,0,2,0,0,3,0,0,0,0,4,0,0,2,0,0,0,0,4,0,0,6,0,0,0,0,0,0,1,0
439.9,1,0,0,0,0,0,1,1,0,0,1,0,5,0,0,0,0,0,0,1,6,0,0,0,0,0,0,1,7,0,0,0,0,0,0,1,1,0,0,0
658.26,0,1,0,0,0,1,0,0,0,0,1,0,5,0,0,0,0,0,0,0,7,0,0,0,0,0,0,0,6,0,0,0,0,1,0,0,1,0,0,0
428.05,1,0,0,0,0,1,0,0,0,0,1,0,5,0,0,0,0,0,0,0,4,0,1,0,0,0,0,0,6,1,1,1,0,0,0,0,1,0,0,0
670.7,0,1,0,0,0,0,1,0,0,0,1,0,5,0,0,0,0,0,0,0,7,0,0,0,0,0,0,0,0,0,0,6,0,0,0,0,1,0,0,0
676.56,0,1,0,0,0,1,0,0,0,0,1,0,5,0,0,0,0,0,0,1,6,0,0,0,0,0,0,1,5,0,0,0,0,1,0,1,1,0,0,0
547.1,1,0,0,0,0,1,0,0,0,0,1,0,5,0,0,0,0,0,0,0,3,2,1,0,0,0,0,0,4,0,0,2,0,1,0,0,1,0,0,0
616.04,0,1,0,0,0,1,0,0,0,0,1,0,5,0,0,0,0,0,0,0,5,0,0,0,0,0,0,0,5,0,0,0,0,0,0,0,1,0,0,0
545.34,0,1,0,0,1,0,1,1,0,0,1,0,5,0,0,0,0,0,0,0,5,0,0,0,0,0,0,0,4,1,0,0,0,0,0,0,0,0,0,1
651.14,0,1,0,0,0,1,0,0,0,0,1,0,5,0,0,0,0,0,0,0,7,0,0,1,0,0,0,1,2,1,1,2,0,1,0,1,0,0,1,0
587.84,0,1,0,0,0,1,0,0,0,0,1,0,5,0,0,0,0,0,0,0,3,0,1,1,0,0,0,0,1,2,2,1,0,0,0,0,1,0,0,0
572.1,0,1,0,0,0,1,0,0,0,0,1,0,5,0,0,0,0,0,0,0,4,2,0,0,0,1,0,1,6,1,0,0,0,1,0,1,1,0,0,0
517.9,1,0,0,0,1,0,1,1,0,0,1,0,5,0,0,2,0,0,0,1,6,0,0,0,0,1,0,1,6,0,0,1,0,1,0,1,0,0,1,0
357.4,1,0,0,0,0,0,1,0,0,0,1,0,5,0,0,0,0,0,0,0,7,0,0,0,0,1,0,1,7,0,0,0,0,1,0,1,1,0,0,0
661.2,1,0,0,0,0,1,0,0,0,0,1,0,5,0,0,0,0,0,0,0,5,0,0,0,0,0,0,0,5,0,0,0,0,0,0,0,1,0,0,0
521.9,1,0,0,0,0,1,0,0,0,0,1,0,4,1,0,0,0,0,0,0,3,0,1,0,0,0,0,0,3,1,1,0,0,0,0,0,0,0,1,0
342.4,1,0,0,0,1,0,1,0,0,0,1,0,5,0,0,0,0,0,0,1,5,0,0,1,0,0,0,1,5,0,0,0,0,0,0,1,0,0,1,0
637.02,0,1,0,0,0,1,0,0,0,0,1,0,9,1,1,1,0,0,0,0,4,0,0,1,0,0,0,0,5,1,1,0,1,0,0,0,1,0,0,0
245.5,1,0,0,0,1,0,1,1,0,0,1,0,4,1,0,0,0,0,0,0,5,0,0,1,0,0,0,0,7,0,0,0,0,0,0,0,0,0,0,1
499.65,1,0,0,0,0,0,1,1,0,1,0,0,5,0,0,0,0,0,0,0,4,0,0,0,0,0,0,0,4,0,0,0,0,0,0,0,1,0,0,0
276.15,1,0,0,0,1,0,1,1,0,0,1,0,4,1,0,0,0,0,0,0,6,0,0,0,0,0,0,0,7,1,0,0,0,0,0,0,0,0,0,1
639.74,0,1,0,0,0,1,0,0,0,0,1,0,3,0,0,2,0,0,0,0,4,0,0,0,0,0,0,0,2,0,1,2,0,1,0,0,0,0,0,1
495.3,1,0,0,0,0,0,1,1,0,0,1,0,5,0,0,0,0,0,0,0,6,0,0,0,0,0,0,0,6,0,0,0,1,0,0,0,1,0,0,0
468.04,0,1,0,0,0,1,0,0,0,0,1,0,5,0,0,0,0,0,0,0,5,0,1,1,0,0,0,1,4,0,0,1,0,0,0,1,0,0,1,0
682.82,0,1,0,0,0,1,0,0,0,0,1,0,6,0,0,0,0,0,0,0,6,0,0,0,0,0,0,0,7,0,0,0,0,0,0,0,1,0,0,0
532.3,1,0,0,0,0,0,1,0,0,0,1,0,5,0,0,0,0,0,0,0,6,0,0,0,0,0,0,0,6,0,0,0,0,0,0,0,1,0,0,0
550.76,0,1,0,0,1,0,1,1,0,0,1,0,4,1,0,0,0,0,0,0,5,0,1,0,0,0,0,1,3,2,0,0,0,0,0,1,0,0,0,1
569.98,0,1,0,0,1,0,1,1,0,0,1,0,4,0,0,0,0,0,0,1,6,0,0,0,0,0,0,1,6,0,0,0,0,0,0,1,0,0,1,0
686.46,0,1,0,0,1,0,1,0,0,0,1,0,5,0,0,0,0,0,0,0,5,1,0,0,0,1,0,1,5,0,0,0,0,1,0,1,0,0,1,0
650.36,0,1,0,0,0,1,0,0,0,0,1,0,5,0,0,0,0,0,0,0,7,0,0,0,0,0,0,0,5,0,0,0,0,0,0,0,0,0,1,0
259.0,1,0,0,0,0,0,1,0,0,0,1,0,5,0,0,0,0,0,0,0,5,0,0,0,0,0,0,0,5,0,0,0,0,0,0,0,1,0,0,0
593.74,0,1,0,0,1,0,1,0,0,1,0,0,5,0,0,0,0,0,0,0,7,0,0,0,0,0,0,0,5,0,0,0,0,0,0,0,0,0,1,0
548.3,1,0,0,0,0,1,0,0,0,0,1,0,5,0,0,0,0,0,0,0,6,0,0,0,0,0,0,0,6,0,0,0,0,0,0,0,1,0,0,0
410.35,1,0,0,0,0,0,1,1,0,0,1,0,5,0,0,0,0,0,0,0,6,0,0,0,0,0,0,0,7,0,0,0,0,0,0,0,1,0,0,0
587.06,0,1,0,0,0,1,0,0,0,0,1,0,5,0,0,0,0,0,0,0,5,0,0,0,0,0,0,0,6,0,0,0,0,0,0,0,1,0,0,0
647.7,0,1,0,0,0,1,0,0,0,0,1,0,5,0,0,0,0,0,0,0,3,0,0,0,0,0,0,0,0,0,0,5,0,0,0,0,1,0,0,0
469.5,1,0,0,0,0,1,0,0,0,0,1,0,4,0,0,1,0,0,0,0,0,0,1,7,0,0,0,0,1,1,2,0,0,0,0,0,1,0,0,0
256.95,1,0,0,0,0,1,0,0,0,0,1,0,5,0,0,0,0,0,0,0,5,0,0,0,0,0,0,0,5,0,0,0,0,0,0,0,0,1,0,0
322.2,1,0,0,0,1,0,1,0,0,0,1,0,5,0,0,0,0,0,0,0,7,0,0,0,0,1,0,0,6,0,0,1,0,1,0,0,0,0,0,1
549.35,1,0,0,0,0,1,0,0,0,0,1,0,4,0,0,0,0,0,0,0,5,0,0,0,0,0,0,0,5,0,0,0,0,0,0,0,1,0,0,0
362.65,1,0,0,0,0,0,1,1,0,0,1,0,4,1,0,0,0,0,0,1,6,0,0,0,0,0,0,1,8,0,0,0,0,0,0,1,0,0,0,0
638.1,1,0,0,0,0,1,0,0,0,0,1,0,6,0,0,1,0,0,0,0,6,0,0,1,0,0,1,0,4,0,0,1,0,0,1,0,1,0,0,0
590.86,0,1,0,0,0,1,0,0,0,1,0,0,5,0,0,0,0,0,0,1,5,0,0,0,0,0,0,1,5,0,0,0,0,0,0,1,0,0,1,0
661.52,0,1,0,0,0,1,0,0,0,0,1,0,5,0,0,0,0,0,0,0,6,0,0,1,0,1,0,0,0,0,0,2,0,1,0,0,0,0,1,0
511.3,1,0,0,0,0,1,0,0,0,0,1,0,5,0,0,0,0,0,0,0,5,1,0,0,0,0,0,0,4,2,0,0,0,0,0,0,0,0,1,0
714.75,1,0,0,0,0,1,0,0,0,0,1,0,5,0,0,0,0,0,0,0,6,0,0,0,0,0,0,0,3,0,0,0,0,0,0,0,1,0,0,0
603.4,1,0,0,0,0,1,0,0,0,0,1,0,5,0,0,0,0,0,0,0,6,0,0,0,0,0,0,0,7,0,0,0,0,0,0,0,0,0,1,0
574.0,0,1,0,0,1,0,1,1,0,0,1,0,5,0,0,0,0,0,0,0,6,0,0,0,0,0,0,1,5,0,0,0,0,0,0,1,0,0,0,1
728.22,0,1,0,0,0,1,0,0,0,0,1,0,5,0,0,0,0,0,0,0,4,0,1,2,0,0,0,0,7,0,0,0,0,1,0,0,1,0,0,0
567.2,1,0,0,0,0,1,0,0,0,0,1,0,6,0,0,0,0,0,0,0,7,0,0,0,0,0,0,1,7,0,0,0,0,0,0,1,1,0,0,0
580.6,0,1,0,0,0,1,0,0,0,0,1,0,5,0,0,0,0,0,0,0,3,0,0,1,0,1,0,0,4,0,0,1,0,1,0,0,1,0,0,0
619.95,1,0,0,0,0,1,0,0,0,0,1,0,5,0,0,0,0,0,0,0,6,0,0,0,0,0,0,0,7,0,0,0,0,0,0,0,1,0,0,0
531.1,1,0,0,0,0,1,0,0,0,0,1,0,6,0,0,0,0,0,0,0,7,0,0,0,0,0,0,0,7,0,0,0,0,1,0,0,0,1,0,0
471.5,1,0,0,0,0,0,1,0,0,0,1,0,5,0,0,0,0,0,0,0,5,0,0,0,0,0,0,1,5,0,0,0,0,0,0,1,0,0,1,0
537.06,0,1,0,0,0,1,0,0,0,0,1,0,5,0,0,0,0,0,0,0,7,0,0,0,0,0,0,0,6,0,0,0,0,0,0,0,1,0,0,0
605.28,0,1,0,0,0,1,0,0,0,0,1,0,5,0,0,0,0,0,0,0,5,0,0,0,0,0,0,0,4,0,0,0,0,0,0,0,0,0,1,0
430.1,1,0,0,0,1,0,1,1,0,0,1,0,5,0,0,0,0,0,0,1,6,0,0,0,0,0,0,1,6,0,0,0,0,0,0,1,0,0,0,1
635.22,0,1,0,0,1,0,1,1,0,0,1,0,5,0,0,0,0,0,0,1,3,0,0,1,0,0,0,1,5,0,0,0,0,1,0,1,0,0,1,0
631.62,0,1,0,0,1,0,1,0,0,0,1,0,4,1,0,0,0,0,0,0,8,0,0,0,0,0,0,0,0,0,4,0,0,0,0,0,0,0,1,0
590.0,0,1,0,0,0,1,0,0,0,0,1,0,5,0,0,0,0,0,0,0,2,0,0,0,0,0,0,0,4,0,0,1,0,0,0,0,1,0,0,0
604.26,0,1,0,0,1,0,1,0,0,0,1,0,5,0,0,0,0,0,0,0,4,0,0,2,0,0,0,0,1,0,0,0,0,0,0,0,0,0,0,1
578.06,0,1,0,0,1,0,1,0,0,0,1,0,5,0,0,0,0,0,0,0,6,0,0,0,0,0,0,0,7,0,0,0,0,1,0,0,0,0,0,1
645.02,0,1,0,0,0,1,0,0,0,1,0,0,5,0,0,0,0,0,0,0,7,0,0,0,0,0,0,0,6,0,0,0,0,0,0,0,1,0,0,0
605.18,0,1,0,0,1,0,1,0,0,0,1,0,5,0,0,0,0,0,0,0,5,1,0,0,0,0,0,0,5,0,0,1,0,0,0,0,0,0,0,1
628.92,0,1,0,0,0,0,1,0,0,0,1,0,1,3,1,0,0,0,0,0,1,2,2,0,0,0,0,0,0,3,2,0,1,0,0,0,0,1,0,0
374.5,1,0,0,0,0,0,1,0,0,0,1,0,5,0,0,0,0,0,0,0,5,0,0,0,0,0,0,0,3,0,0,2,0,0,0,0,1,0,0,0
329.6,1,0,0,0,1,0,1,1,0,0,1,0,4,1,0,0,0,0,0,1,6,0,0,0,0,0,0,1,5,1,0,0,0,0,0,1,0,0,1,0
444.0,1,0,0,0,0,1,0,0,0,0,1,0,5,0,0,0,0,0,0,0,5,0,0,0,0,0,0,0,5,0,0,1,0,0,0,0,1,0,0,0
681.8,1,0,0,0,0,1,0,0,0,0,1,0,5,0,0,0,0,0,0,0,6,0,0,0,0,0,0,0,7,0,0,0,0,1,0,0,1,0,0,0
569.55,1,0,0,0,0,1,0,0,0,0,1,0,5,0,0,0,0,0,0,0,5,0,0,0,0,0,0,0,5,0,0,0,0,0,0,0,0,1,0,0
587.8,1,0,0,0,1,0,1,0,0,0,1,0,4,1,0,0,0,1,0,0,6,0,0,1,0,1,0,0,6,0,0,2,0,1,0,0,0,0,1,0
535.94,0,1,0,0,0,0,1,1,0,0,1,0,4,1,0,0,0,0,0,0,4,1,0,0,0,0,0,0,0,1,1,0,0,0,0,0,0,0,1,0
623.04,0,1,0,0,0,1,0,0,0,0,1,0,3,2,0,0,0,0,0,1,1,0,3,0,0,0,0,0,0,3,1,0,0,0,0,1,0,0,0,0
443.4,1,0,0,0,1,0,1,1,0,0,1,0,5,0,0,0,0,0,0,1,6,0,0,0,0,0,0,1,5,0,0,0,0,1,0,1,0,0,1,0
668.56,0,1,0,0,0,1,0,0,0,0,1,0,5,0,0,0,0,0,0,0,7,0,0,0,0,0,0,0,6,0,0,0,0,0,0,0,1,0,0,0
654.78,0,1,0,0,0,1,0,0,0,0,1,0,5,0,0,0,0,0,0,1,6,0,0,0,0,0,0,1,5,2,0,0,0,0,0,1,0,0,0,0
452.5,1,0,0,0,0,1,0,0,0,0,1,0,3,2,0,0,0,0,0,0,4,1,0,0,0,0,0,0,5,0,0,0,1,0,0,0,0,0,1,0
293.5,1,0,0,0,1,0,1,0,0,0,1,0,5,0,0,0,0,0,0,0,6,0,0,0,0,0,0,0,5,0,0,0,0,0,0,0,0,0,0,1
772.05,1,0,0,0,0,1,0,0,0,0,1,0,5,0,0,0,0,0,0,0,7,0,0,0,0,0,0,0,7,0,0,0,0,0,0,0,1,0,0,0
656.16,0,1,0,0,0,1,0,0,0,1,0,0,3,2,0,0,0,0,0,0,1,0,6,0,0,0,0,0,1,2,1,5,0,1,0,0,1,0,0,0
499.55,1,0,0,0,0,1,0,0,0,0,1,0,5,0,0,0,0,0,0,0,5,0,0,0,0,0,0,0,5,0,0,0,0,0,0,0,0,1,0,0
431.6,1,0,0,0,1,0,1,1,0,0,1,0,5,0,0,0,0,1,0,0,6,0,0,0,0,0,0,1,5,0,0,0,0,1,0,1,0,0,0,1
580.46,0,1,0,0,1,0,1,0,0,0,1,0,5,0,0,0,0,0,0,0,6,0,0,0,0,0,0,0,5,0,0,0,0,0,0,0,0,0,0,1
627.64,0,1,0,0,0,1,0,0,0,1,0,0,4,0,1,0,0,0,0,0,3,0,2,0,0,0,0,0,0,1,1,1,0,0,0,0,0,0,1,0
617.32,0,1,0,0,1,0,1,1,0,0,1,0,7,0,1,0,0,0,0,0,6,1,0,1,0,0,0,0,0,2,1,3,0,0,0,0,0,0,0,1
656.48,0,1,0,0,0,0,1,0,0,0,1,0,5,0,0,1,0,0,0,0,6,0,0,0,0,0,0,0,5,0,0,0,0,0,0,0,1,0,0,0
662.4,0,1,0,0,0,0,1,1,0,0,1,0,4,0,0,0,0,0,0,1,6,0,0,0,0,0,0,1,5,0,0,0,0,0,0,1,1,0,0,0
334.5,1,0,0,0,0,0,1,1,0,0,1,0,5,0,0,0,0,0,0,0,2,1,4,1,0,0,0,0,0,2,2,1,1,0,0,0,0,0,1,0
505.4,1,0,0,0,0,1,0,0,0,0,1,0,5,0,0,0,0,0,0,0,6,0,0,0,0,0,0,0,5,0,0,0,0,0,0,0,1,0,0,0
612.76,0,1,0,0,1,0,1,0,0,1,0,0,5,0,0,0,0,0,0,0,4,0,0,0,0,0,0,0,2,0,0,0,0,0,0,0,0,0,1,0
543.35,1,0,0,0,0,1,0,0,0,0,1,0,5,0,0,0,0,0,0,0,6,0,0,0,0,0,0,0,7,0,0,1,0,0,0,0,0,0,1,0
516.65,1,0,0,0,0,1,0,0,0,0,1,0,5,0,0,0,0,0,0,0,5,0,0,0,0,0,0,0,5,0,0,3,0,0,0,0,0,1,0,0
601.7,1,0,0,0,0,1,0,0,0,0,1,0,5,0,0,0,0,0,0,0,6,0,0,0,0,0,0,0,5,0,0,0,1,0,0,0,0,0,1,0
653.7,0,1,0,0,0,0,1,0,0,0,1,0,3,0,0,0,0,0,0,0,4,0,0,0,0,0,0,0,4,0,0,0,1,0,0,0,1,0,0,0
505.95,1,0,0,0,0,1,0,0,0,0,1,0,5,0,0,0,0,0,0,0,4,2,0,0,0,0,0,0,6,0,0,0,0,0,0,0,1,0,0,0
271.8,1,0,0,0,0,0,1,1,0,0,1,0,5,0,0,0,0,0,0,0,5,0,0,0,0,0,0,1,7,0,0,0,0,0,0,1,1,0,0,0
623.02,0,1,0,0,0,0,1,0,0,0,1,0,4,0,0,0,0,0,0,0,6,0,0,0,0,0,0,0,6,0,0,0,0,0,0,0,1,0,0,0
660.36,0,1,0,0,0,1,0,0,0,0,1,0,5,0,0,0,0,0,0,0,4,0,0,2,0,0,0,0,6,0,0,0,0,1,0,0,1,0,0,0
601.36,0,1,0,0,0,0,1,0,0,0,1,0,10,0,0,0,0,0,0,0,6,0,0,0,0,0,0,0,5,0,0,1,0,0,0,0,1,0,0,0
497.95,1,0,0,0,0,0,1,1,0,0,1,0,5,0,0,0,0,0,0,0,6,0,0,0,0,0,0,0,6,0,0,0,0,0,0,0,1,0,0,0
354.4,1,0,0,0,1,0,1,1,0,0,1,0,4,1,0,0,0,0,0,1,5,0,0,0,0,0,0,1,5,0,0,1,0,0,0,1,0,0,1,0
491.9,1,0,0,0,0,0,1,1,0,0,1,0,5,0,0,0,0,0,0,1,6,0,0,0,0,0,0,1,7,0,0,0,0,0,0,1,1,0,0,0
393.25,1,0,0,0,0,0,1,1,0,0,1,0,5,0,0,0,0,0,0,1,6,0,0,0,0,0,0,1,7,0,0,0,0,0,0,1,1,0,0,0
308.2,1,0,0,0,1,0,1,1,0,0,1,0,5,0,0,0,0,0,0,0,5,1,0,0,0,0,0,1,4,2,0,1,0,0,0,1,0,0,0,1
371.1,1,0,0,0,0,0,1,1,0,0,1,0,5,0,0,0,0,0,0,1,5,0,0,1,0,0,0,1,3,0,0,1,0,0,0,1,1,0,0,0
533.6,0,1,0,0,0,1,0,0,0,0,1,0,5,0,0,0,0,0,0,0,5,0,0,0,0,0,0,0,6,0,0,0,0,0,0,1,1,0,0,0
639.4,0,1,0,0,0,0,1,1,0,0,1,0,5,0,0,0,0,0,0,1,6,0,0,0,0,1,0,1,7,0,0,0,0,0,0,1,1,0,0,0
642.6,0,1,0,0,0,0,1,0,0,0,1,0,5,0,0,0,0,0,0,1,6,0,0,1,0,0,0,1,3,0,0,0,0,0,0,1,0,0,1,0
329.75,1,0,0,0,0,1,0,0,0,0,1,0,5,0,0,0,0,0,0,0,6,0,0,0,0,0,0,0,6,1,0,0,0,0,0,1,0,0,0,1
781.7,1,0,0,0,0,1,0,0,0,0,1,0,6,0,0,0,0,0,0,0,7,0,0,0,0,0,0,0,8,0,0,0,0,1,0,0,1,0,0,0
681.25,1,0,0,0,0,1,0,0,0,0,1,0,5,0,0,0,0,0,0,0,6,0,0,0,0,0,0,0,7,0,0,0,0,0,0,0,1,0,0,0
545.52,0,1,0,0,1,0,1,1,0,0,1,0,5,0,0,0,0,0,0,1,5,0,0,0,0,1,0,1,5,0,0,0,0,1,0,1,0,0,1,0
414.75,1,0,0,0,0,1,0,0,0,0,1,0,5,0,0,0,0,0,0,1,5,0,0,0,0,0,0,1,5,0,0,0,0,0,0,1,1,0,0,0
639.2,1,0,0,0,0,1,0,0,0,0,1,0,6,0,0,0,0,0,0,0,7,0,0,0,0,0,0,0,5,0,0,0,0,0,0,0,1,0,0,0
644.12,0,1,0,0,0,1,0,0,0,0,1,0,5,0,0,0,0,0,0,0,6,0,0,0,0,1,0,0,6,0,0,1,0,1,0,0,1,0,0,0
585.35,1,0,0,0,0,1,0,0,0,0,1,0,5,0,0,0,0,0,0,0,5,0,1,0,0,0,1,0,5,0,0,0,0,0,1,0,1,0,0,0
641.12,0,1,0,0,0,1,0,0,0,0,1,0,5,0,0,0,0,0,0,0,7,0,0,0,0,0,0,0,4,0,0,2,0,0,0,0,1,0,0,0
440.5,1,0,0,0,0,1,0,0,0,0,1,0,4,1,0,0,0,0,0,0,4,0,0,0,0,0,0,0,0,4,1,0,0,0,0,0,1,0,0,0
742.35,1,0,0,0,0,1,0,0,0,0,1,0,5,0,0,0,0,0,0,0,7,0,0,0,0,0,0,0,5,0,0,0,0,0,0,0,1,0,0,0
312.4,1,0,0,0,1,0,1,0,0,0,1,0,4,1,0,0,0,0,0,0,5,0,0,0,0,0,0,0,5,0,0,1,0,0,0,0,0,0,1,0
615.4,0,1,0,0,1,0,1,0,0,0,1,0,5,0,0,0,0,0,0,0,6,0,0,0,0,0,0,0,4,0,0,1,0,0,0,0,0,0,1,0
659.82,0,1,0,0,0,1,0,0,0,0,1,0,4,0,0,0,0,0,0,0,3,1,0,0,0,0,0,0,2,1,0,1,0,0,0,0,1,0,0,0
507.46,0,1,0,0,1,0,1,0,0,0,1,0,4,0,0,1,0,0,0,0,2,0,1,1,0,0,0,0,3,2,0,0,0,0,0,0,0,0,0,1
633.76,0,1,0,0,0,1,0,0,0,0,1,0,5,0,0,0,0,0,0,0,6,0,0,0,0,1,0,0,6,0,0,1,0,1,0,0,1,0,0,0
672.1,0,1,0,0,0,1,0,0,0,1,0,0,5,0,0,0,0,0,0,1,2,0,0,3,0,0,0,1,0,1,0,3,0,0,0,1,0,0,0,1
700.2,1,0,0,0,0,0,1,1,0,0,1,0,5,0,0,0,0,0,0,1,6,0,0,0,0,0,0,1,6,0,0,0,0,0,0,1,0,0,1,0
511.1,1,0,0,0,0,1,0,0,0,0,1,0,5,0,1,0,0,0,0,0,5,0,0,0,0,0,0,0,6,0,0,0,0,0,0,0,0,0,0,1
569.55,1,0,0,0,0,1,0,0,0,0,1,0,5,0,0,0,0,0,0,0,6,0,0,0,0,0,0,0,6,1,0,0,0,0,0,0,0,1,0,0
519.25,1,0,0,0,0,1,0,0,0,0,1,0,6,0,0,0,0,0,0,1,6,0,0,0,0,0,0,1,0,1,0,0,0,0,0,1,1,0,0,0
659.5,1,0,0,0,0,0,1,1,0,0,1,0,5,0,0,0,0,0,0,0,7,0,0,0,0,1,0,0,7,0,0,0,0,1,0,0,0,0,1,0
618.64,0,1,0,0,1,0,1,1,0,1,0,0,9,0,0,0,0,0,0,0,5,0,0,0,0,0,0,0,5,0,0,0,0,0,0,0,0,0,0,1
381.1,1,0,0,0,0,0,1,1,0,0,1,0,5,0,0,0,0,0,0,0,6,0,0,0,0,0,0,0,7,0,0,0,0,1,0,0,1,0,0,0
562.52,0,1,0,0,0,0,1,0,0,0,1,0,4,1,0,0,0,0,0,0,5,0,0,0,0,0,0,0,4,0,0,1,0,0,0,0,1,0,0,0
604.76,0,1,0,0,0,1,0,0,0,0,1,0,12,0,0,0,0,0,0,0,7,0,0,1,0,1,0,0,7,0,1,1,0,1,0,0,0,0,1,0
488.45,1,0,0,0,1,0,1,1,0,0,1,0,5,0,0,0,0,0,1,1,6,0,0,0,0,0,1,1,6,1,1,0,0,0,1,1,0,0,0,1
587.76,0,1,0,0,0,1,0,0,0,0,1,0,23,0,0,0,0,0,0,0,5,0,0,0,0,1,0,1,5,0,0,0,0,1,0,1,1,0,0,0
501.9,1,0,0,0,0,0,1,0,0,0,1,0,5,0,0,0,0,1,0,1,5,0,0,0,0,1,0,1,4,1,0,0,0,1,0,1,1,0,0,0
623.54,0,1,0,0,0,0,1,0,0,0,1,0,5,0,0,0,0,0,0,0,7,0,0,0,0,1,0,1,6,0,0,1,0,1,0,1,1,0,0,0
387.9,1,0,0,0,0,1,0,0,0,0,1,0,5,0,0,0,0,0,0,0,4,1,0,0,0,0,0,0,0,0,0,4,0,0,0,0,0,0,1,0
594.22,0,1,0,0,0,0,1,1,0,0,1,0,4,1,0,0,0,1,0,0,5,1,0,0,0,1,0,1,6,0,0,0,0,1,0,1,1,0,0,0
423.5,1,0,0,0,0,1,0,0,0,1,0,0,5,0,0,0,0,0,0,0,5,0,0,0,0,0,0,0,2,2,0,1,0,0,0,0,1,0,0,0
519.3,1,0,0,0,0,1,0,0,0,0,1,0,5,0,0,0,0,0,0,0,5,0,0,0,0,0,0,0,5,0,1,0,0,0,0,0,0,1,0,0
655.54,0,1,0,0,0,1,0,0,0,0,1,0,5,0,0,0,0,1,0,0,3,0,0,0,0,1,0,0,4,0,0,0,0,1,0,0,1,0,0,0
640.02,0,1,0,0,0,0,1,1,0,0,1,0,5,0,0,0,0,0,0,0,4,1,0,0,0,0,0,0,0,0,0,4,0,0,0,0,1,0,0,0
466.75,1,0,0,0,0,0,1,0,0,0,1,0,5,0,0,0,0,0,0,0,3,2,0,0,0,0,0,0,6,0,0,0,0,0,0,0,1,0,0,0
621.62,0,1,0,0,0,1,0,0,0,0,1,0,5,0,0,0,0,0,0,0,6,0,0,0,0,0,0,0,5,0,0,1,0,0,0,0,1,0,0,0
440.1,1,0,0,0,0,1,0,0,0,0,1,0,4,1,0,0,0,0,0,0,5,1,0,0,0,0,0,0,6,0,0,0,0,0,0,0,1,0,0,0
401.0,1,0,0,0,0,1,0,0,0,0,1,0,5,0,0,0,0,1,0,0,6,0,0,0,0,1,0,0,7,0,0,0,0,1,0,0,1,0,0,0
584.12,0,1,0,0,1,0,1,0,0,1,0,0,2,0,0,4,0,0,0,0,5,0,1,0,0,0,0,0,6,0,0,0,0,0,0,1,0,0,1,0
360.5,1,0,0,0,1,0,1,1,0,0,1,0,4,1,0,0,0,0,0,0,0,2,2,0,0,0,0,0,0,2,2,1,0,0,0,0,0,0,1,0
321.6,1,0,0,0,1,0,1,0,0,0,1,0,5,0,0,0,0,0,0,0,7,0,0,0,0,0,0,0,5,0,0,0,1,0,0,0,0,0,1,0
671.58,0,1,0,0,0,1,0,0,0,0,1,0,5,0,0,0,0,0,0,0,6,0,0,0,0,1,0,0,5,0,0,0,0,0,0,0,1,0,0,0
535.5,1,0,0,0,0,1,0,0,0,0,1,0,5,0,0,0,0,0,0,0,2,0,0,3,0,0,0,0,0,0,0,2,0,0,0,0,1,0,0,0
410.4,1,0,0,0,0,1,0,0,0,0,1,0,4,1,1,0,0,0,0,0,5,1,0,0,0,0,0,0,5,0,0,0,0,0,0,0,1,0,0,0
747.9,0,1,0,0,0,1,0,0,0,0,1,0,5,0,1,0,0,1,0,0,6,0,0,1,0,1,0,0,1,0,0,5,0,1,0,0,1,0,0,0
613.85,1,0,0,0,0,1,0,0,0,0,1,0,6,0,0,0,0,0,0,0,6,0,0,0,0,0,1,0,8,0,0,0,0,0,1,0,1,0,0,0
255.3,1,0,0,0,0,1,0,0,0,0,1,0,5,0,0,0,0,0,0,0,5,0,0,0,0,0,0,0,7,0,0,0,0,0,0,0,1,0,0,0
533.1,1,0,0,0,0,0,1,1,0,0,1,0,5,0,0,0,0,0,0,0,6,0,0,0,0,0,0,0,6,0,0,0,0,0,0,0,1,0,0,0
635.7,1,0,0,0,0,0,1,0,0,0,1,0,6,0,0,0,0,0,0,1,6,0,0,0,0,0,0,1,6,0,0,1,0,0,0,1,1,0,0,0
642.6,1,0,0,0,0,1,0,0,0,0,1,0,6,0,0,0,0,0,0,0,7,0,0,0,0,0,0,0,7,0,0,0,0,1,0,0,1,0,0,0
638.68,0,1,0,0,0,1,0,0,0,0,1,0,5,0,0,0,0,0,0,0,6,1,0,0,0,0,0,0,4,0,0,0,0,0,0,0,1,0,0,0
608.74,0,1,0,0,0,0,1,0,0,0,1,0,4,1,0,0,0,0,0,0,3,0,0,1,0,0,0,0,4,0,0,0,1,0,0,0,1,0,0,0
631.4,0,1,0,0,1,0,1,1,0,0,1,0,5,0,0,0,0,0,0,0,6,0,0,0,0,0,0,0,6,0,0,0,0,0,0,0,0,0,1,0
651.78,0,1,0,0,0,1,0,0,0,0,1,0,5,0,0,0,0,0,0,0,5,0,0,0,0,0,0,0,5,0,0,0,0,0,0,0,1,0,0,0
612.3,0,1,0,0,0,1,0,0,0,0,1,0,5,0,0,0,0,0,0,0,5,0,0,0,0,0,0,0,2,2,0,1,0,0,0,0,1,0,0,0
602.04,0,1,0,0,0,0,1,1,0,0,1,0,5,0,0,0,0,0,0,0,6,0,0,0,0,0,0,0,5,0,0,1,0,0,0,0,1,0,0,0
310.7,1,0,0,0,1,0,1,1,0,0,1,0,4,1,0,0,0,0,0,1,5,0,0,0,0,0,0,1,7,0,0,0,0,0,0,1,0,0,0,1
695.95,1,0,0,0,0,1,0,0,0,0,1,0,5,0,0,0,0,0,0,0,5,0,0,0,0,0,0,0,5,0,0,0,0,0,0,0,0,1,0,0
661.45,1,0,0,0,0,1,0,0,0,0,1,0,5,0,0,0,0,0,0,0,4,0,0,2,0,0,0,0,6,0,0,0,0,0,1,0,0,0,1,0
699.46,0,1,0,0,0,1,0,0,0,1,0,0,5,0,0,0,0,0,0,0,7,0,0,1,0,1,0,0,2,0,0,2,0,1,0,0,1,0,0,0
632.34,0,1,0,0,0,1,0,0,0,0,1,0,5,0,0,0,0,0,0,0,6,0,0,0,0,1,0,0,6,0,1,0,0,1,0,0,1,0,0,0
611.8,0,1,0,0,0,0,1,0,0,1,0,0,4,1,0,0,0,1,0,0,5,0,0,1,0,1,0,0,5,1,0,0,0,1,0,0,1,0,0,0
686.9,1,0,0,0,0,1,0,0,0,0,1,0,5,0,0,0,0,0,0,1,7,0,0,0,0,0,0,1,5,0,0,0,0,0,0,1,1,0,0,0
570.68,0,1,0,0,0,0,1,1,0,0,1,0,13,0,0,0,0,0,0,0,5,0,1,0,0,0,0,0,3,1,1,0,0,0,0,0,1,0,0,0
463.3,1,0,0,0,0,1,0,0,0,0,1,0,6,0,0,0,0,0,0,0,7,0,0,0,0,0,0,0,5,1,0,0,0,1,0,0,1,0,0,0
490.75,1,0,0,0,0,1,0,0,0,0,1,0,1,1,3,0,0,0,0,1,0,0,4,2,0,0,0,1,0,1,1,0,0,0,0,1,1,0,0,0
667.86,0,1,0,0,0,1,0,0,0,0,1,0,5,0,0,0,0,0,0,0,6,0,0,0,0,0,0,0,6,0,0,0,0,1,0,1,1,0,0,0
579.66,0,1,0,0,1,0,1,1,0,1,0,0,4,0,0,0,0,0,0,0,3,0,0,0,0,0,0,0,4,0,0,0,0,0,0,0,0,0,0,1
511.54,0,1,0,0,0,1,0,0,0,0,1,0,5,0,0,0,0,0,0,0,5,0,0,0,0,0,0,1,5,0,0,0,0,0,0,1,0,0,0,1
645.02,0,1,0,0,0,1,0,0,0,0,1,0,12,0,0,0,0,0,0,0,5,0,0,0,0,0,0,0,3,0,0,0,0,0,0,0,1,0,0,0
368.75,1,0,0,0,0,0,1,1,0,0,1,0,5,0,0,0,0,0,0,0,6,0,0,0,0,0,0,0,7,0,0,0,0,0,0,0,1,0,0,0
643.0,0,1,0,0,1,0,1,0,0,1,0,0,5,0,0,0,0,0,0,0,6,1,0,0,0,0,0,1,4,0,1,1,0,0,0,1,0,0,1,0
587.44,0,1,0,0,1,0,1,0,0,0,1,0,5,0,0,0,0,0,0,0,5,0,0,0,0,0,0,0,3,0,0,0,1,0,0,0,0,0,0,1
573.36,0,1,0,0,1,0,1,1,0,0,1,0,5,0,0,0,0,0,0,0,6,1,0,0,0,0,0,0,5,1,0,0,0,0,0,0,0,0,0,1
545.9,1,0,0,0,0,0,1,1,0,0,1,0,5,0,0,0,0,0,0,1,6,0,0,0,0,0,0,1,7,0,0,0,0,0,1,1,1,0,0,0
643.06,0,1,0,0,0,1,0,0,0,0,1,0,5,0,0,0,0,0,0,0,5,0,0,0,0,0,0,0,5,0,0,0,0,0,0,0,1,0,0,0
418.45,1,0,0,0,0,0,1,1,0,0,1,0,5,0,0,0,0,0,0,1,6,0,0,0,0,0,0,1,4,1,0,0,0,0,0,1,0,0,1,0
553.3,1,0,0,0,0,1,0,0,0,0,1,0,5,0,0,0,0,0,0,0,6,0,0,0,0,0,1,1,7,0,0,0,0,0,1,1,1,0,0,0
579.55,1,0,0,0,0,1,0,0,0,1,0,0,4,0,1,0,0,0,0,0,2,0,5,0,0,0,0,0,5,0,1,0,0,0,0,0,1,0,0,0
666.82,0,1,0,0,0,1,0,0,0,0,1,0,5,0,0,0,0,0,0,0,4,0,0,0,0,0,0,0,5,0,0,0,0,0,0,0,1,0,0,0
633.38,0,1,0,0,0,1,0,0,0,1,0,0,5,0,0,0,0,0,0,0,5,1,0,0,0,1,0,0,2,2,0,1,1,1,0,0,1,0,0,0
689.9,0,1,0,0,0,1,0,0,0,0,1,0,5,0,0,0,0,0,0,0,5,0,0,0,0,0,0,0,6,0,0,0,0,0,0,0,1,0,0,0
543.5,1,0,0,0,0,0,1,0,0,0,1,0,5,0,0,0,0,0,0,0,7,0,0,0,0,0,0,1,7,0,0,0,0,0,0,1,0,0,1,0
646.36,0,1,0,0,0,1,0,0,0,0,1,0,5,0,0,0,0,0,0,0,6,0,0,0,0,0,0,0,6,0,0,0,0,0,0,0,1,0,0,0
571.88,0,1,0,0,0,1,0,0,0,0,1,0,12,0,0,0,0,0,0,0,7,0,0,0,0,0,0,1,5,0,0,1,0,0,0,1,0,0,0,1
296.1,1,0,0,0,0,0,1,1,0,0,1,0,4,0,0,0,0,0,0,1,5,0,0,0,0,0,0,1,5,0,0,0,0,0,0,1,1,0,0,0
323.5,1,0,0,0,1,0,1,1,0,1,0,0,5,0,0,0,0,0,0,0,4,1,1,0,0,0,0,0,0,0,0,1,0,0,0,0,0,0,0,1
480.8,1,0,0,0,0,1,0,0,0,0,1,0,6,0,0,0,0,0,0,0,6,0,0,1,0,0,0,0,7,0,0,0,0,1,0,0,0,1,0,0
437.8,1,0,0,0,0,1,0,0,0,0,1,0,5,0,1,0,0,0,0,0,5,1,0,0,0,0,0,0,5,1,0,0,0,0,0,0,0,1,0,0
503.3,1,0,0,0,0,0,1,0,0,0,1,0,5,0,0,0,0,0,0,1,4,1,0,0,0,0,0,1,4,0,1,1,0,0,0,1,0,0,1,0
484.1,1,0,0,0,0,1,0,0,0,0,1,0,5,0,0,0,0,0,0,0,4,1,0,0,0,0,0,0,7,0,0,0,0,0,0,0,0,0,1,0
575.05,1,0,0,0,0,1,0,0,0,0,1,0,1,0,1,3,0,0,0,0,5,0,0,0,0,0,0,0,4,0,1,0,0,0,0,0,0,1,0,0
551.45,1,0,0,0,0,1,0,0,0,0,1,0,5,0,0,0,0,0,0,0,6,0,0,0,0,0,0,1,4,0,0,0,0,0,0,1,1,0,0,0
670.06,0,1,0,0,0,1,0,0,0,0,1,0,5,0,0,0,0,0,0,0,6,0,0,0,0,0,0,0,6,0,0,0,0,0,0,0,1,0,0,0
651.88,0,1,0,0,0,1,0,0,0,1,0,0,5,0,0,0,0,0,0,0,6,0,0,0,0,0,0,0,7,0,0,0,0,0,0,0,1,0,0,0
617.28,0,1,0,0,0,1,0,0,0,0,1,0,5,0,0,0,0,0,0,0,5,1,0,0,0,0,0,0,0,2,2,1,1,0,0,0,1,0,0,0
637.78,0,1,0,0,0,1,0,0,0,0,1,0,5,0,0,0,0,0,0,0,1,0,0,5,0,0,0,0,0,5,0,0,0,0,0,0,1,0,0,0
618.32,0,1,0,0,1,0,1,0,0,1,0,0,5,0,0,0,0,0,0,0,5,0,0,0,0,0,0,0,5,0,0,0,0,0,0,0,0,0,0,1
636.78,0,1,0,0,0,0,1,0,0,1,0,0,4,0,0,0,0,0,0,0,1,0,0,3,0,0,0,0,3,0,0,0,0,0,0,0,1,0,0,0
628.12,0,1,0,0,0,1,0,0,0,0,1,0,9,0,0,0,0,0,0,0,5,0,0,0,0,1,0,0,4,0,0,0,0,1,0,0,1,0,0,0
643.14,0,1,0,0,0,1,0,0,0,0,1,0,5,0,0,0,0,1,0,1,6,0,0,0,0,1,0,1,6,0,0,0,0,1,0,1,0,0,1,0
684.6,1,0,0,0,0,1,0,0,0,0,1,0,5,0,0,0,0,0,0,0,6,0,0,0,0,0,0,0,7,0,0,0,0,1,0,0,1,0,0,0
462.6,1,0,0,0,0,1,0,0,0,0,1,0,5,0,0,0,0,0,0,0,5,0,0,0,0,0,0,0,6,0,0,0,0,0,0,0,1,0,0,0
249.2,1,0,0,0,0,1,0,0,0,0,1,0,4,1,0,0,0,0,0,0,2,2,0,0,0,0,0,0,0,1,2,1,0,0,0,0,1,0,0,0
572.84,0,1,0,0,0,0,1,0,0,0,1,0,5,0,0,0,0,0,0,0,4,0,0,0,0,0,0,0,2,0,0,0,0,0,0,0,1,0,0,0
550.5,1,0,0,0,0,0,1,1,0,0,1,0,5,0,0,0,0,0,0,0,6,0,0,0,0,0,0,0,8,0,0,0,0,1,0,1,1,0,0,0
567.82,0,1,0,0,0,0,1,1,0,0,1,0,5,0,0,0,0,0,0,0,6,0,2,0,0,0,0,0,5,0,0,1,0,0,0,1,1,0,0,0
575.72,0,1,0,0,1,0,1,1,0,0,1,0,5,0,0,0,0,0,0,1,6,0,0,0,0,0,0,1,6,0,0,0,0,1,0,1,0,0,1,0
622.84,0,1,0,0,0,0,1,1,0,0,1,0,5,0,0,0,0,0,0,0,6,0,0,0,0,0,0,0,5,0,0,0,0,0,0,0,1,0,0,0
540.2,1,0,0,0,0,1,0,0,0,0,1,0,5,0,0,0,0,0,0,0,6,0,0,1,0,0,0,0,2,0,0,4,0,0,0,0,1,0,0,0
457.2,1,0,0,0,0,1,0,0,0,0,1,0,4,1,0,0,0,0,0,0,4,1,0,1,0,0,0,0,5,0,0,1,1,0,0,0,0,0,0,0
495.0,1,0,0,0,0,1,0,0,0,0,1,0,5,0,0,0,0,0,0,0,5,1,0,0,0,0,0,0,6,0,0,0,0,0,0,0,1,0,0,0
583.3,1,0,0,0,0,1,0,0,0,0,1,0,5,0,0,0,0,0,0,1,8,0,0,0,0,0,0,1,6,0,0,0,0,1,0,1,1,0,0,0
683.4,1,0,0,0,0,1,0,0,0,0,1,0,6,0,0,0,0,0,0,0,6,0,0,0,0,0,0,0,7,0,0,0,0,1,0,0,0,0,0,1
494.0,1,0,0,0,0,1,0,0,0,0,1,0,6,0,0,0,0,0,0,0,4,1,0,0,0,0,0,0,0,0,0,8,0,0,0,0,0,1,0,0
387.0,1,0,0,0,0,1,0,0,0,0,1,0,5,0,0,0,0,1,0,0,7,0,0,0,0,1,0,1,6,0,0,0,0,1,0,1,0,0,1,0
610.1,1,0,0,0,0,1,0,0,0,0,1,0,5,0,0,0,0,0,0,0,6,0,0,0,0,0,0,0,7,0,0,0,0,0,0,0,1,0,0,0
325.05,1,0,0,0,1,0,1,1,0,0,1,0,5,0,0,0,0,0,0,1,5,1,0,0,0,0,0,1,6,2,0,0,0,0,0,1,0,0,1,0
656.4,0,1,0,0,0,1,0,0,0,0,1,0,5,1,0,0,0,0,0,0,6,0,1,0,0,0,0,0,6,0,0,0,1,1,0,0,0,0,1,0
335.8,1,0,0,0,1,0,1,0,0,0,1,0,4,1,0,0,0,0,0,0,3,1,0,0,0,0,0,0,3,0,1,2,0,0,0,0,0,0,0,1
612.5,0,1,0,0,0,1,0,0,0,1,0,0,5,0,0,0,0,0,0,0,1,0,0,1,0,0,0,0,3,3,0,1,1,0,0,0,1,0,0,0
376.6,1,0,0,0,0,1,0,0,0,0,1,0,5,0,0,0,0,0,0,0,5,0,0,0,0,1,0,0,4,1,0,0,0,1,0,0,0,0,1,0
600.4,0,1,0,0,1,0,1,0,0,0,1,0,11,0,1,0,0,0,0,0,3,0,0,2,0,0,1,0,4,0,0,0,0,0,1,0,0,0,0,1
366.2,1,0,0,0,0,1,0,0,0,0,1,0,5,0,0,0,0,0,0,0,6,0,0,0,0,0,0,0,6,0,0,0,0,0,0,0,1,0,0,0
574.94,0,1,0,0,1,0,1,1,0,0,1,0,5,0,0,0,0,0,0,0,4,0,0,1,0,0,0,0,5,0,0,1,0,0,0,0,0,0,0,1
531.7,1,0,0,0,0,0,1,1,0,0,1,0,5,0,0,0,0,0,0,0,5,0,0,0,0,0,0,1,5,0,0,0,0,0,0,1,1,0,0,0
532.1,1,0,0,0,0,1,0,0,0,0,1,0,6,0,0,0,0,0,0,0,7,0,0,0,0,1,0,0,8,0,0,0,0,0,1,0,1,0,0,0
574.2,0,1,0,0,1,0,1,0,0,0,1,0,5,0,0,0,0,0,0,0,4,1,0,0,0,0,0,0,4,1,0,0,0,0,0,0,0,0,0,1
582.08,0,1,0,0,1,0,1,1,0,0,1,0,4,1,0,0,0,0,0,1,6,0,0,0,0,0,0,1,5,0,1,1,0,0,0,0,0,0,0,1
635.88,0,1,0,0,0,1,0,0,0,0,1,0,5,0,0,0,0,0,0,0,2,0,0,3,0,0,0,0,1,0,0,2,0,0,0,0,1,0,0,0
312.3,1,0,0,0,1,0,1,0,0,0,1,0,6,0,0,0,0,0,0,0,6,0,0,0,0,0,0,0,5,1,0,0,0,0,0,0,0,0,1,0
283.7,1,0,0,0,1,0,1,1,0,0,1,0,5,0,0,0,0,0,0,0,6,0,0,0,0,0,0,0,6,0,0,0,0,0,0,0,0,0,1,0
396.6,1,0,0,0,0,1,0,0,0,0,1,0,5,0,0,0,0,1,0,0,5,1,0,0,0,1,0,0,4,1,0,0,0,1,0,1,0,0,0,1
474.9,1,0,0,0,1,0,1,1,0,0,1,0,6,0,0,0,0,0,0,1,6,0,0,0,0,0,0,1,5,1,0,0,0,0,0,1,0,0,0,1
643.72,0,1,0,0,0,1,0,0,0,0,1,0,6,0,0,0,0,0,0,0,6,0,0,1,0,0,0,0,5,0,0,1,0,0,0,0,1,0,0,0
543.74,0,1,0,0,0,0,1,0,0,0,1,0,4,1,0,0,0,0,0,0,3,2,0,0,0,0,0,0,4,1,0,0,0,0,0,1,1,0,0,0
570.58,0,1,0,0,1,0,1,1,0,0,1,0,5,0,0,0,0,0,0,0,5,0,0,0,0,0,0,0,4,0,0,2,0,0,0,0,0,0,1,0
318.5,1,0,0,0,1,0,1,0,0,0,1,0,5,0,0,0,0,0,0,0,4,0,0,2,0,0,0,0,3,1,0,1,0,0,0,0,0,0,0,1
627.46,0,1,0,0,0,0,1,1,0,0,1,0,5,0,0,0,0,0,0,0,5,0,0,0,0,0,0,0,4,0,0,1,0,0,0,0,1,0,0,0
526.8,1,0,0,0,0,0,1,0,0,0,1,0,5,0,0,0,0,0,0,1,7,0,0,0,0,0,0,1,5,1,0,0,0,0,0,1,0,0,0,0
571.9,0,1,0,0,0,0,1,0,0,0,1,0,3,2,0,0,0,0,0,0,8,0,0,1,0,0,0,0,5,0,0,1,0,0,0,0,1,0,0,0
539.86,0,1,0,0,0,1,0,0,0,0,1,0,2,3,0,0,0,0,0,0,2,2,0,1,0,0,0,0,5,0,0,0,0,0,0,0,0,0,1,0
302.15,1,0,0,0,1,0,1,1,0,0,1,0,5,0,0,0,0,0,1,1,0,1,5,0,0,0,1,1,6,0,0,0,0,0,1,1,0,0,0,1
519.2,1,0,0,0,0,1,0,0,0,0,1,0,6,0,0,0,0,0,0,0,6,0,0,0,0,0,0,0,7,0,0,0,0,0,0,0,0,1,0,0
340.1,1,0,0,0,0,0,1,1,0,0,1,0,5,0,0,0,0,0,0,0,4,1,2,0,0,0,0,1,4,1,1,0,0,0,0,1,1,0,0,0
639.45,1,0,0,0,0,1,0,0,0,0,1,0,5,0,0,0,0,0,0,0,6,0,0,0,0,0,0,0,7,0,0,0,0,0,0,0,0,1,0,0
626.44,0,1,0,0,1,0,1,1,0,0,1,0,5,0,0,0,0,0,0,0,4,2,1,0,0,0,0,1,5,0,0,0,0,1,0,1,0,0,1,0
495.2,1,0,0,0,0,1,0,0,0,0,1,0,4,1,0,0,0,0,0,0,5,1,0,0,0,0,0,0,5,0,0,0,0,0,0,0,1,0,0,0
342.0,1,0,0,0,1,0,1,1,0,0,1,0,5,0,0,0,0,0,0,1,5,1,0,0,0,1,0,1,7,1,0,0,0,1,0,1,0,0,0,1
676.46,0,1,0,0,0,1,0,0,0,0,1,0,4,1,0,0,0,0,0,0,3,0,0,0,0,0,0,0,0,4,0,0,0,0,0,0,1,0,0,0
533.5,1,0,0,0,0,1,0,0,0,0,1,0,5,0,0,0,0,0,0,0,1,2,2,0,0,0,0,0,6,0,0,0,0,0,1,0,0,0,1,0
546.82,0,1,0,0,0,1,0,0,0,1,0,0,5,0,0,0,0,0,0,0,1,3,1,0,0,1,0,0,0,0,0,5,0,0,0,1,0,0,1,0
424.2,1,0,0,0,1,0,1,1,0,0,1,0,2,1,1,0,0,0,0,1,1,2,0,0,0,0,0,1,0,2,0,0,0,0,0,1,0,0,0,1
652.54,0,1,0,0,0,1,0,0,0,0,1,0,5,0,0,0,0,0,0,0,6,0,0,0,0,0,0,1,5,0,0,0,0,0,0,1,0,0,1,0
357.2,1,0,0,0,1,0,1,1,0,0,1,0,5,0,0,0,0,0,0,0,6,0,0,0,0,0,0,1,5,1,0,0,0,0,0,1,0,0,0,1
609.55,1,0,0,0,0,0,1,1,0,0,1,0,5,0,0,0,0,0,0,0,5,0,0,1,0,0,0,0,3,1,1,0,0,0,0,0,1,0,0,0
554.7,1,0,0,0,0,1,0,0,0,0,1,0,5,0,0,0,0,0,0,0,6,0,0,0,0,0,0,0,8,0,0,0,0,0,0,0,0,0,0,1
381.2,1,0,0,0,0,1,0,0,0,0,1,0,4,1,0,0,0,0,0,0,4,1,0,0,0,0,0,0,1,2,1,1,0,0,0,0,1,0,0,0
464.8,1,0,0,0,0,1,0,0,0,0,1,0,5,0,0,0,0,0,0,1,6,0,0,0,0,0,0,1,7,0,0,0,0,1,0,1,1,0,0,0
478.5,1,0,0,0,0,1,0,0,0,0,1,0,5,0,0,0,0,0,0,0,6,0,0,0,0,0,0,0,8,0,0,0,0,0,0,0,1,0,0,0
419.6,1,0,0,0,0,1,0,0,0,0,1,0,5,0,0,0,0,0,0,0,7,0,0,0,0,0,0,0,5,0,0,0,0,1,0,0,0,0,1,0
657.68,0,1,0,0,0,1,0,0,0,0,1,0,5,0,0,0,0,1,0,0,8,0,0,0,0,0,0,0,5,0,0,0,0,0,0,0,0,0,1,0
635.0,1,0,0,0,0,1,0,0,0,0,1,0,5,0,0,0,0,0,0,0,6,0,0,0,0,0,0,0,7,0,0,0,0,0,0,0,1,0,0,0
